0 verbose cli C:\Program Files\nodejs\node.exe C:\Program Files\nodejs\node_modules\npm\bin\npm-cli.js
1 info using npm@11.11.0
2 info using node@v24.14.1
3 silly config load:file:C:\Program Files\nodejs\node_modules\npm\npmrc
4 silly config load:file:C:\Users\Narayan\Downloads\Sports Registration Website (2)\.npmrc
5 silly config load:file:C:\Users\Narayan\.npmrc
6 silly config load:file:C:\Users\Narayan\AppData\Roaming\npm\etc\npmrc
7 verbose title npm install
8 verbose argv "install" "--cache" ".\\.npm-cache"
9 verbose logfile logs-max:10 dir:C:\Users\Narayan\Downloads\Sports Registration Website (2)\.npm-cache\_logs\2026-06-06T08_21_35_333Z-
10 verbose logfile C:\Users\Narayan\Downloads\Sports Registration Website (2)\.npm-cache\_logs\2026-06-06T08_21_35_333Z-debug-0.log
11 silly logfile done cleaning log files
12 silly packumentCache heap:2348810240 maxSize:587202560 maxEntrySize:293601280
13 silly idealTree buildDeps
14 silly fetch manifest @emotion/react@11.14.0
15 silly packumentCache full:https://registry.npmjs.org/@emotion%2freact cache-miss
16 http fetch GET 200 https://registry.npmjs.org/npm 701ms
17 http fetch GET 200 https://registry.npmjs.org/@emotion%2freact 751ms (cache miss)
18 silly packumentCache full:https://registry.npmjs.org/@emotion%2freact set size:undefined disposed:false
19 silly fetch manifest react@18.3.1
20 silly packumentCache full:https://registry.npmjs.org/react cache-miss
21 http fetch GET 200 https://registry.npmjs.org/react 1496ms (cache miss)
22 silly packumentCache full:https://registry.npmjs.org/react set size:undefined disposed:false
23 silly fetch manifest @emotion/styled@11.14.1
24 silly packumentCache full:https://registry.npmjs.org/@emotion%2fstyled cache-miss
25 http fetch GET 200 https://registry.npmjs.org/@emotion%2fstyled 159ms (cache miss)
26 silly packumentCache full:https://registry.npmjs.org/@emotion%2fstyled set size:undefined disposed:false
27 silly fetch manifest @mui/icons-material@7.3.5
28 silly packumentCache full:https://registry.npmjs.org/@mui%2ficons-material cache-miss
29 http fetch GET 200 https://registry.npmjs.org/@mui%2ficons-material 1547ms (cache miss)
30 silly packumentCache full:https://registry.npmjs.org/@mui%2ficons-material set size:undefined disposed:false
31 silly fetch manifest @mui/material@7.3.5
32 silly packumentCache full:https://registry.npmjs.org/@mui%2fmaterial cache-miss
33 http fetch GET 200 https://registry.npmjs.org/@mui%2fmaterial 457ms (cache miss)
34 silly packumentCache full:https://registry.npmjs.org/@mui%2fmaterial set size:undefined disposed:false
35 silly fetch manifest @mui/material-pigment-css@^7.3.5
36 silly packumentCache full:https://registry.npmjs.org/@mui%2fmaterial-pigment-css cache-miss
37 http fetch GET 200 https://registry.npmjs.org/@mui%2fmaterial-pigment-css 880ms (cache miss)
38 silly packumentCache full:https://registry.npmjs.org/@mui%2fmaterial-pigment-css set size:undefined disposed:false
39 silly fetch manifest @pigment-css/react@^0.0.30
40 silly packumentCache full:https://registry.npmjs.org/@pigment-css%2freact cache-miss
41 http fetch GET 200 https://registry.npmjs.org/@pigment-css%2freact 896ms (cache miss)
42 silly packumentCache full:https://registry.npmjs.org/@pigment-css%2freact set size:undefined disposed:false
43 silly fetch manifest @types/react@^17.0.0 || ^18.0.0 || ^19.0.0
44 silly packumentCache full:https://registry.npmjs.org/@types%2freact cache-miss
45 http fetch GET 200 https://registry.npmjs.org/@types%2freact 294ms (cache miss)
46 silly packumentCache full:https://registry.npmjs.org/@types%2freact set size:undefined disposed:false
47 silly fetch manifest react-dom@18.3.1
48 silly packumentCache full:https://registry.npmjs.org/react-dom cache-miss
49 http fetch GET 200 https://registry.npmjs.org/react-dom 767ms (cache miss)
50 silly packumentCache full:https://registry.npmjs.org/react-dom set size:undefined disposed:false
51 silly fetch manifest @popperjs/core@2.11.8
52 silly packumentCache full:https://registry.npmjs.org/@popperjs%2fcore cache-miss
53 http fetch GET 200 https://registry.npmjs.org/@popperjs%2fcore 153ms (cache miss)
54 silly packumentCache full:https://registry.npmjs.org/@popperjs%2fcore set size:undefined disposed:false
55 silly fetch manifest @radix-ui/react-accordion@1.2.3
56 silly packumentCache full:https://registry.npmjs.org/@radix-ui%2freact-accordion cache-miss
57 http fetch GET 200 https://registry.npmjs.org/@radix-ui%2freact-accordion 328ms (cache miss)
58 silly packumentCache full:https://registry.npmjs.org/@radix-ui%2freact-accordion set size:undefined disposed:false
59 silly fetch manifest @types/react@*
60 silly packumentCache full:https://registry.npmjs.org/@types%2freact cache-miss
61 http cache https://registry.npmjs.org/@types%2freact 25ms (cache hit)
62 silly packumentCache full:https://registry.npmjs.org/@types%2freact set size:2632776 disposed:false
63 silly fetch manifest @types/react-dom@*
64 silly packumentCache full:https://registry.npmjs.org/@types%2freact-dom cache-miss
65 http fetch GET 200 https://registry.npmjs.org/@types%2freact-dom 146ms (cache miss)
66 silly packumentCache full:https://registry.npmjs.org/@types%2freact-dom set size:undefined disposed:false
67 silly fetch manifest @radix-ui/react-alert-dialog@1.1.6
68 silly packumentCache full:https://registry.npmjs.org/@radix-ui%2freact-alert-dialog cache-miss
69 http fetch GET 200 https://registry.npmjs.org/@radix-ui%2freact-alert-dialog 143ms (cache miss)
70 silly packumentCache full:https://registry.npmjs.org/@radix-ui%2freact-alert-dialog set size:undefined disposed:false
71 silly fetch manifest @radix-ui/react-aspect-ratio@1.1.2
72 silly packumentCache full:https://registry.npmjs.org/@radix-ui%2freact-aspect-ratio cache-miss
73 http fetch GET 200 https://registry.npmjs.org/@radix-ui%2freact-aspect-ratio 610ms (cache miss)
74 silly packumentCache full:https://registry.npmjs.org/@radix-ui%2freact-aspect-ratio set size:undefined disposed:false
75 silly fetch manifest @radix-ui/react-avatar@1.1.3
76 silly packumentCache full:https://registry.npmjs.org/@radix-ui%2freact-avatar cache-miss
77 http fetch GET 200 https://registry.npmjs.org/@radix-ui%2freact-avatar 138ms (cache miss)
78 silly packumentCache full:https://registry.npmjs.org/@radix-ui%2freact-avatar set size:undefined disposed:false
79 silly fetch manifest @radix-ui/react-checkbox@1.1.4
80 silly packumentCache full:https://registry.npmjs.org/@radix-ui%2freact-checkbox cache-miss
81 http fetch GET 200 https://registry.npmjs.org/@radix-ui%2freact-checkbox 198ms (cache miss)
82 silly packumentCache full:https://registry.npmjs.org/@radix-ui%2freact-checkbox set size:undefined disposed:false
83 silly fetch manifest @radix-ui/react-collapsible@1.1.3
84 silly packumentCache full:https://registry.npmjs.org/@radix-ui%2freact-collapsible cache-miss
85 http fetch GET 200 https://registry.npmjs.org/@radix-ui%2freact-collapsible 412ms (cache miss)
86 silly packumentCache full:https://registry.npmjs.org/@radix-ui%2freact-collapsible set size:undefined disposed:false
87 silly fetch manifest @radix-ui/react-context-menu@2.2.6
88 silly packumentCache full:https://registry.npmjs.org/@radix-ui%2freact-context-menu cache-miss
89 http fetch GET 200 https://registry.npmjs.org/@radix-ui%2freact-context-menu 529ms (cache miss)
90 silly packumentCache full:https://registry.npmjs.org/@radix-ui%2freact-context-menu set size:undefined disposed:false
91 silly fetch manifest @radix-ui/react-dialog@1.1.6
92 silly packumentCache full:https://registry.npmjs.org/@radix-ui%2freact-dialog cache-miss
93 http fetch GET 200 https://registry.npmjs.org/@radix-ui%2freact-dialog 186ms (cache miss)
94 silly packumentCache full:https://registry.npmjs.org/@radix-ui%2freact-dialog set size:undefined disposed:false
95 silly fetch manifest @radix-ui/react-dropdown-menu@2.1.6
96 silly packumentCache full:https://registry.npmjs.org/@radix-ui%2freact-dropdown-menu cache-miss
97 http fetch GET 200 https://registry.npmjs.org/@radix-ui%2freact-dropdown-menu 267ms (cache miss)
98 silly packumentCache full:https://registry.npmjs.org/@radix-ui%2freact-dropdown-menu set size:undefined disposed:false
99 silly fetch manifest @radix-ui/react-hover-card@1.1.6
100 silly packumentCache full:https://registry.npmjs.org/@radix-ui%2freact-hover-card cache-miss
101 http fetch GET 200 https://registry.npmjs.org/@radix-ui%2freact-hover-card 761ms (cache miss)
102 silly packumentCache full:https://registry.npmjs.org/@radix-ui%2freact-hover-card set size:undefined disposed:false
103 silly fetch manifest @radix-ui/react-label@2.1.2
104 silly packumentCache full:https://registry.npmjs.org/@radix-ui%2freact-label cache-miss
105 http fetch GET 200 https://registry.npmjs.org/@radix-ui%2freact-label 365ms (cache miss)
106 silly packumentCache full:https://registry.npmjs.org/@radix-ui%2freact-label set size:undefined disposed:false
107 silly fetch manifest @radix-ui/react-menubar@1.1.6
108 silly packumentCache full:https://registry.npmjs.org/@radix-ui%2freact-menubar cache-miss
109 http fetch GET 200 https://registry.npmjs.org/@radix-ui%2freact-menubar 752ms (cache miss)
110 silly packumentCache full:https://registry.npmjs.org/@radix-ui%2freact-menubar set size:undefined disposed:false
111 silly fetch manifest @radix-ui/react-navigation-menu@1.2.5
112 silly packumentCache full:https://registry.npmjs.org/@radix-ui%2freact-navigation-menu cache-miss
113 http fetch GET 200 https://registry.npmjs.org/@radix-ui%2freact-navigation-menu 682ms (cache miss)
114 silly packumentCache full:https://registry.npmjs.org/@radix-ui%2freact-navigation-menu set size:undefined disposed:false
115 silly fetch manifest @radix-ui/react-popover@1.1.6
116 silly packumentCache full:https://registry.npmjs.org/@radix-ui%2freact-popover cache-miss
117 http fetch GET 200 https://registry.npmjs.org/@radix-ui%2freact-popover 175ms (cache miss)
118 silly packumentCache full:https://registry.npmjs.org/@radix-ui%2freact-popover set size:undefined disposed:false
119 silly fetch manifest @radix-ui/react-progress@1.1.2
120 silly packumentCache full:https://registry.npmjs.org/@radix-ui%2freact-progress cache-miss
121 http fetch GET 200 https://registry.npmjs.org/@radix-ui%2freact-progress 412ms (cache miss)
122 silly packumentCache full:https://registry.npmjs.org/@radix-ui%2freact-progress set size:undefined disposed:false
123 silly fetch manifest @radix-ui/react-radio-group@1.2.3
124 silly packumentCache full:https://registry.npmjs.org/@radix-ui%2freact-radio-group cache-miss
125 http fetch GET 200 https://registry.npmjs.org/@radix-ui%2freact-radio-group 340ms (cache miss)
126 silly packumentCache full:https://registry.npmjs.org/@radix-ui%2freact-radio-group set size:undefined disposed:false
127 silly fetch manifest @radix-ui/react-scroll-area@1.2.3
128 silly packumentCache full:https://registry.npmjs.org/@radix-ui%2freact-scroll-area cache-miss
129 http fetch GET 200 https://registry.npmjs.org/@radix-ui%2freact-scroll-area 174ms (cache miss)
130 silly packumentCache full:https://registry.npmjs.org/@radix-ui%2freact-scroll-area set size:undefined disposed:false
131 silly fetch manifest @radix-ui/react-select@2.1.6
132 silly packumentCache full:https://registry.npmjs.org/@radix-ui%2freact-select cache-miss
133 http fetch GET 200 https://registry.npmjs.org/@radix-ui%2freact-select 141ms (cache miss)
134 silly packumentCache full:https://registry.npmjs.org/@radix-ui%2freact-select set size:undefined disposed:false
135 silly fetch manifest @radix-ui/react-separator@1.1.2
136 silly packumentCache full:https://registry.npmjs.org/@radix-ui%2freact-separator cache-miss
137 http fetch GET 200 https://registry.npmjs.org/@radix-ui%2freact-separator 153ms (cache miss)
138 silly packumentCache full:https://registry.npmjs.org/@radix-ui%2freact-separator set size:undefined disposed:false
139 silly fetch manifest @radix-ui/react-slider@1.2.3
140 silly packumentCache full:https://registry.npmjs.org/@radix-ui%2freact-slider cache-miss
141 http fetch GET 200 https://registry.npmjs.org/@radix-ui%2freact-slider 158ms (cache miss)
142 silly packumentCache full:https://registry.npmjs.org/@radix-ui%2freact-slider set size:undefined disposed:false
143 silly fetch manifest @radix-ui/react-slot@1.1.2
144 silly packumentCache full:https://registry.npmjs.org/@radix-ui%2freact-slot cache-miss
145 http fetch GET 200 https://registry.npmjs.org/@radix-ui%2freact-slot 138ms (cache miss)
146 silly packumentCache full:https://registry.npmjs.org/@radix-ui%2freact-slot set size:undefined disposed:false
147 silly fetch manifest @radix-ui/react-switch@1.1.3
148 silly packumentCache full:https://registry.npmjs.org/@radix-ui%2freact-switch cache-miss
149 http fetch GET 200 https://registry.npmjs.org/@radix-ui%2freact-switch 341ms (cache miss)
150 silly packumentCache full:https://registry.npmjs.org/@radix-ui%2freact-switch set size:undefined disposed:false
151 silly fetch manifest @radix-ui/react-tabs@1.1.3
152 silly packumentCache full:https://registry.npmjs.org/@radix-ui%2freact-tabs cache-miss
153 http fetch GET 200 https://registry.npmjs.org/@radix-ui%2freact-tabs 197ms (cache miss)
154 silly packumentCache full:https://registry.npmjs.org/@radix-ui%2freact-tabs set size:undefined disposed:false
155 silly fetch manifest @radix-ui/react-toggle@1.1.2
156 silly packumentCache full:https://registry.npmjs.org/@radix-ui%2freact-toggle cache-miss
157 http fetch GET 200 https://registry.npmjs.org/@radix-ui%2freact-toggle 392ms (cache miss)
158 silly packumentCache full:https://registry.npmjs.org/@radix-ui%2freact-toggle set size:undefined disposed:false
159 silly fetch manifest @radix-ui/react-toggle-group@1.1.2
160 silly packumentCache full:https://registry.npmjs.org/@radix-ui%2freact-toggle-group cache-miss
161 http fetch GET 200 https://registry.npmjs.org/@radix-ui%2freact-toggle-group 440ms (cache miss)
162 silly packumentCache full:https://registry.npmjs.org/@radix-ui%2freact-toggle-group set size:undefined disposed:false
163 silly fetch manifest @radix-ui/react-tooltip@1.1.8
164 silly packumentCache full:https://registry.npmjs.org/@radix-ui%2freact-tooltip cache-miss
165 http fetch GET 200 https://registry.npmjs.org/@radix-ui%2freact-tooltip 468ms (cache miss)
166 silly packumentCache full:https://registry.npmjs.org/@radix-ui%2freact-tooltip set size:undefined disposed:false
167 silly fetch manifest canvas-confetti@1.9.4
168 silly packumentCache full:https://registry.npmjs.org/canvas-confetti cache-miss
169 http fetch GET 200 https://registry.npmjs.org/canvas-confetti 81ms (cache miss)
170 silly packumentCache full:https://registry.npmjs.org/canvas-confetti set size:undefined disposed:false
171 silly fetch manifest class-variance-authority@0.7.1
172 silly packumentCache full:https://registry.npmjs.org/class-variance-authority cache-miss
173 http fetch GET 200 https://registry.npmjs.org/class-variance-authority 70ms (cache miss)
174 silly packumentCache full:https://registry.npmjs.org/class-variance-authority set size:undefined disposed:false
175 silly fetch manifest clsx@2.1.1
176 silly packumentCache full:https://registry.npmjs.org/clsx cache-miss
177 http fetch GET 200 https://registry.npmjs.org/clsx 74ms (cache miss)
178 silly packumentCache full:https://registry.npmjs.org/clsx set size:undefined disposed:false
179 silly fetch manifest cmdk@1.1.1
180 silly packumentCache full:https://registry.npmjs.org/cmdk cache-miss
181 http fetch GET 200 https://registry.npmjs.org/cmdk 76ms (cache miss)
182 silly packumentCache full:https://registry.npmjs.org/cmdk set size:undefined disposed:false
183 silly fetch manifest date-fns@3.6.0
184 silly packumentCache full:https://registry.npmjs.org/date-fns cache-miss
185 http fetch GET 200 https://registry.npmjs.org/date-fns 510ms (cache miss)
186 silly packumentCache full:https://registry.npmjs.org/date-fns set size:undefined disposed:false
187 silly fetch manifest embla-carousel-react@8.6.0
188 silly packumentCache full:https://registry.npmjs.org/embla-carousel-react cache-miss
189 http fetch GET 200 https://registry.npmjs.org/embla-carousel-react 115ms (cache miss)
190 silly packumentCache full:https://registry.npmjs.org/embla-carousel-react set size:undefined disposed:false
191 silly fetch manifest input-otp@1.4.2
192 silly packumentCache full:https://registry.npmjs.org/input-otp cache-miss
193 http fetch GET 200 https://registry.npmjs.org/input-otp 78ms (cache miss)
194 silly packumentCache full:https://registry.npmjs.org/input-otp set size:undefined disposed:false
195 silly fetch manifest lucide-react@0.487.0
196 silly packumentCache full:https://registry.npmjs.org/lucide-react cache-miss
197 http fetch GET 200 https://registry.npmjs.org/lucide-react 387ms (cache miss)
198 silly packumentCache full:https://registry.npmjs.org/lucide-react set size:undefined disposed:false
199 silly fetch manifest motion@12.23.24
200 silly packumentCache full:https://registry.npmjs.org/motion cache-miss
201 http fetch GET 200 https://registry.npmjs.org/motion 169ms (cache miss)
202 silly packumentCache full:https://registry.npmjs.org/motion set size:undefined disposed:false
203 silly fetch manifest @emotion/is-prop-valid@*
204 silly packumentCache full:https://registry.npmjs.org/@emotion%2fis-prop-valid cache-miss
205 http fetch GET 200 https://registry.npmjs.org/@emotion%2fis-prop-valid 598ms (cache miss)
206 silly packumentCache full:https://registry.npmjs.org/@emotion%2fis-prop-valid set size:undefined disposed:false
207 silly fetch manifest next-themes@0.4.6
208 silly packumentCache full:https://registry.npmjs.org/next-themes cache-miss
209 http fetch GET 200 https://registry.npmjs.org/next-themes 95ms (cache miss)
210 silly packumentCache full:https://registry.npmjs.org/next-themes set size:undefined disposed:false
211 silly fetch manifest qrcode.react@^4.2.0
212 silly packumentCache full:https://registry.npmjs.org/qrcode.react cache-miss
213 http fetch GET 200 https://registry.npmjs.org/qrcode.react 75ms (cache miss)
214 silly packumentCache full:https://registry.npmjs.org/qrcode.react set size:undefined disposed:false
215 silly fetch manifest react-day-picker@8.10.1
216 silly packumentCache full:https://registry.npmjs.org/react-day-picker cache-miss
217 http fetch GET 200 https://registry.npmjs.org/react-day-picker 193ms (cache miss)
218 silly packumentCache full:https://registry.npmjs.org/react-day-picker set size:undefined disposed:false
219 silly fetch manifest react-dnd@16.0.1
220 silly packumentCache full:https://registry.npmjs.org/react-dnd cache-miss
221 http fetch GET 200 https://registry.npmjs.org/react-dnd 101ms (cache miss)
222 silly packumentCache full:https://registry.npmjs.org/react-dnd set size:undefined disposed:false
223 silly fetch manifest @types/hoist-non-react-statics@>= 3.3.1
224 silly packumentCache full:https://registry.npmjs.org/@types%2fhoist-non-react-statics cache-miss
225 http fetch GET 200 https://registry.npmjs.org/@types%2fhoist-non-react-statics 74ms (cache miss)
226 silly packumentCache full:https://registry.npmjs.org/@types%2fhoist-non-react-statics set size:undefined disposed:false
227 silly fetch manifest @types/node@>= 12
228 silly packumentCache full:https://registry.npmjs.org/@types%2fnode cache-miss
229 http fetch GET 200 https://registry.npmjs.org/@types%2fnode 895ms (cache miss)
230 silly packumentCache full:https://registry.npmjs.org/@types%2fnode set size:undefined disposed:false
231 silly fetch manifest react-dnd-html5-backend@16.0.1
232 silly packumentCache full:https://registry.npmjs.org/react-dnd-html5-backend cache-miss
233 http fetch GET 200 https://registry.npmjs.org/react-dnd-html5-backend 374ms (cache miss)
234 silly packumentCache full:https://registry.npmjs.org/react-dnd-html5-backend set size:undefined disposed:false
235 silly fetch manifest react-hook-form@7.55.0
236 silly packumentCache full:https://registry.npmjs.org/react-hook-form cache-miss
237 http fetch GET 200 https://registry.npmjs.org/react-hook-form 529ms (cache miss)
238 silly packumentCache full:https://registry.npmjs.org/react-hook-form set size:undefined disposed:false
239 silly fetch manifest react-popper@2.3.0
240 silly packumentCache full:https://registry.npmjs.org/react-popper cache-miss
241 http fetch GET 200 https://registry.npmjs.org/react-popper 109ms (cache miss)
242 silly packumentCache full:https://registry.npmjs.org/react-popper set size:undefined disposed:false
243 silly fetch manifest react-resizable-panels@2.1.7
244 silly packumentCache full:https://registry.npmjs.org/react-resizable-panels cache-miss
245 http fetch GET 200 https://registry.npmjs.org/react-resizable-panels 98ms (cache miss)
246 silly packumentCache full:https://registry.npmjs.org/react-resizable-panels set size:undefined disposed:false
247 silly fetch manifest react-responsive-masonry@2.7.1
248 silly packumentCache full:https://registry.npmjs.org/react-responsive-masonry cache-miss
249 http fetch GET 200 https://registry.npmjs.org/react-responsive-masonry 71ms (cache miss)
250 silly packumentCache full:https://registry.npmjs.org/react-responsive-masonry set size:undefined disposed:false
251 silly fetch manifest react-router@7.13.0
252 silly packumentCache full:https://registry.npmjs.org/react-router cache-miss
253 http fetch GET 200 https://registry.npmjs.org/react-router 294ms (cache miss)
254 silly packumentCache full:https://registry.npmjs.org/react-router set size:undefined disposed:false
255 silly fetch manifest react-slick@0.31.0
256 silly packumentCache full:https://registry.npmjs.org/react-slick cache-miss
257 http fetch GET 200 https://registry.npmjs.org/react-slick 92ms (cache miss)
258 silly packumentCache full:https://registry.npmjs.org/react-slick set size:undefined disposed:false
259 silly fetch manifest recharts@2.15.2
260 silly packumentCache full:https://registry.npmjs.org/recharts cache-miss
261 http fetch GET 200 https://registry.npmjs.org/recharts 115ms (cache miss)
262 silly packumentCache full:https://registry.npmjs.org/recharts set size:undefined disposed:false
263 silly fetch manifest sonner@2.0.3
264 silly packumentCache full:https://registry.npmjs.org/sonner cache-miss
265 http fetch GET 200 https://registry.npmjs.org/sonner 67ms (cache miss)
266 silly packumentCache full:https://registry.npmjs.org/sonner set size:undefined disposed:false
267 silly fetch manifest tailwind-merge@3.2.0
268 silly packumentCache full:https://registry.npmjs.org/tailwind-merge cache-miss
269 http fetch GET 200 https://registry.npmjs.org/tailwind-merge 156ms (cache miss)
270 silly packumentCache full:https://registry.npmjs.org/tailwind-merge set size:undefined disposed:false
271 silly fetch manifest tw-animate-css@1.3.8
272 silly packumentCache full:https://registry.npmjs.org/tw-animate-css cache-miss
273 http fetch GET 200 https://registry.npmjs.org/tw-animate-css 374ms (cache miss)
274 silly packumentCache full:https://registry.npmjs.org/tw-animate-css set size:undefined disposed:false
275 silly fetch manifest vaul@1.1.2
276 silly packumentCache full:https://registry.npmjs.org/vaul cache-miss
277 http fetch GET 200 https://registry.npmjs.org/vaul 75ms (cache miss)
278 silly packumentCache full:https://registry.npmjs.org/vaul set size:undefined disposed:false
279 silly fetch manifest xlsx@^0.18.5
280 silly packumentCache full:https://registry.npmjs.org/xlsx cache-miss
281 http fetch GET 200 https://registry.npmjs.org/xlsx 101ms (cache miss)
282 silly packumentCache full:https://registry.npmjs.org/xlsx set size:undefined disposed:false
283 silly fetch manifest @tailwindcss/vite@4.1.12
284 silly packumentCache full:https://registry.npmjs.org/@tailwindcss%2fvite cache-miss
285 http fetch GET 200 https://registry.npmjs.org/@tailwindcss%2fvite 201ms (cache miss)
286 silly packumentCache full:https://registry.npmjs.org/@tailwindcss%2fvite set size:undefined disposed:false
287 silly fetch manifest vite@6.3.5
288 silly packumentCache full:https://registry.npmjs.org/vite cache-miss
289 http fetch GET 200 https://registry.npmjs.org/vite 2658ms (cache miss)
290 silly packumentCache full:https://registry.npmjs.org/vite set size:undefined disposed:false
291 silly fetch manifest @types/node@^18.0.0 || ^20.0.0 || >=22.0.0
292 silly packumentCache full:https://registry.npmjs.org/@types%2fnode cache-miss
293 http cache https://registry.npmjs.org/@types%2fnode 66ms (cache hit)
294 silly packumentCache full:https://registry.npmjs.org/@types%2fnode set size:11033538 disposed:false
295 silly fetch manifest jiti@>=1.21.0
296 silly packumentCache full:https://registry.npmjs.org/jiti cache-miss
297 http fetch GET 200 https://registry.npmjs.org/jiti 349ms (cache miss)
298 silly packumentCache full:https://registry.npmjs.org/jiti set size:undefined disposed:false
299 silly fetch manifest less@*
300 silly packumentCache full:https://registry.npmjs.org/less cache-miss
301 http fetch GET 200 https://registry.npmjs.org/less 327ms (cache miss)
302 silly packumentCache full:https://registry.npmjs.org/less set size:undefined disposed:false
303 silly fetch manifest lightningcss@^1.21.0
304 silly packumentCache full:https://registry.npmjs.org/lightningcss cache-miss
305 http fetch GET 200 https://registry.npmjs.org/lightningcss 118ms (cache miss)
306 silly packumentCache full:https://registry.npmjs.org/lightningcss set size:undefined disposed:false
307 silly fetch manifest sass@*
308 silly packumentCache full:https://registry.npmjs.org/sass cache-miss
309 http fetch GET 200 https://registry.npmjs.org/sass 392ms (cache miss)
310 silly packumentCache full:https://registry.npmjs.org/sass set size:undefined disposed:false
311 silly fetch manifest sass-embedded@*
312 silly packumentCache full:https://registry.npmjs.org/sass-embedded cache-miss
313 http fetch GET 200 https://registry.npmjs.org/sass-embedded 113ms (cache miss)
314 silly packumentCache full:https://registry.npmjs.org/sass-embedded set size:undefined disposed:false
315 silly fetch manifest stylus@*
316 silly packumentCache full:https://registry.npmjs.org/stylus cache-miss
317 http fetch GET 200 https://registry.npmjs.org/stylus 344ms (cache miss)
318 silly packumentCache full:https://registry.npmjs.org/stylus set size:undefined disposed:false
319 silly fetch manifest sugarss@*
320 silly packumentCache full:https://registry.npmjs.org/sugarss cache-miss
321 http fetch GET 200 https://registry.npmjs.org/sugarss 535ms (cache miss)
322 silly packumentCache full:https://registry.npmjs.org/sugarss set size:undefined disposed:false
323 silly fetch manifest postcss@^8.3.3
324 silly packumentCache full:https://registry.npmjs.org/postcss cache-miss
325 http fetch GET 200 https://registry.npmjs.org/postcss 142ms (cache miss)
326 silly packumentCache full:https://registry.npmjs.org/postcss set size:undefined disposed:false
327 silly fetch manifest terser@^5.16.0
328 silly packumentCache full:https://registry.npmjs.org/terser cache-miss
329 http fetch GET 200 https://registry.npmjs.org/terser 126ms (cache miss)
330 silly packumentCache full:https://registry.npmjs.org/terser set size:undefined disposed:false
331 silly fetch manifest tsx@^4.8.1
332 silly packumentCache full:https://registry.npmjs.org/tsx cache-miss
333 http fetch GET 200 https://registry.npmjs.org/tsx 113ms (cache miss)
334 silly packumentCache full:https://registry.npmjs.org/tsx set size:undefined disposed:false
335 silly fetch manifest yaml@^2.4.2
336 silly packumentCache full:https://registry.npmjs.org/yaml cache-miss
337 http fetch GET 200 https://registry.npmjs.org/yaml 83ms (cache miss)
338 silly packumentCache full:https://registry.npmjs.org/yaml set size:undefined disposed:false
339 silly fetch manifest @vitejs/plugin-react@4.7.0
340 silly packumentCache full:https://registry.npmjs.org/@vitejs%2fplugin-react cache-miss
341 http fetch GET 200 https://registry.npmjs.org/@vitejs%2fplugin-react 350ms (cache miss)
342 silly packumentCache full:https://registry.npmjs.org/@vitejs%2fplugin-react set size:undefined disposed:false
343 silly fetch manifest tailwindcss@4.1.12
344 silly packumentCache full:https://registry.npmjs.org/tailwindcss cache-miss
345 http fetch GET 200 https://registry.npmjs.org/tailwindcss 734ms (cache miss)
346 silly packumentCache full:https://registry.npmjs.org/tailwindcss set size:undefined disposed:false
347 silly placeDep ROOT @emotion/react@11.14.0 OK for: @figma/my-make-file@0.0.1 want: 11.14.0
348 silly placeDep ROOT react@18.3.1 OK for: @emotion/react@11.14.0 want: >=16.8.0
349 silly placeDep ROOT @emotion/styled@11.14.1 OK for: @figma/my-make-file@0.0.1 want: 11.14.1
350 silly placeDep ROOT @mui/icons-material@7.3.5 OK for: @figma/my-make-file@0.0.1 want: 7.3.5
351 silly placeDep ROOT @mui/material@7.3.5 OK for: @mui/icons-material@7.3.5 want: ^7.3.5
352 silly placeDep ROOT react-dom@18.3.1 OK for: @mui/material@7.3.5 want: ^17.0.0 || ^18.0.0 || ^19.0.0
353 silly placeDep ROOT @popperjs/core@2.11.8 OK for: @figma/my-make-file@0.0.1 want: 2.11.8
354 silly placeDep ROOT @radix-ui/react-accordion@1.2.3 OK for: @figma/my-make-file@0.0.1 want: 1.2.3
355 silly placeDep ROOT @radix-ui/react-alert-dialog@1.1.6 OK for: @figma/my-make-file@0.0.1 want: 1.1.6
356 silly placeDep ROOT @radix-ui/react-aspect-ratio@1.1.2 OK for: @figma/my-make-file@0.0.1 want: 1.1.2
357 silly placeDep ROOT @radix-ui/react-avatar@1.1.3 OK for: @figma/my-make-file@0.0.1 want: 1.1.3
358 silly placeDep ROOT @radix-ui/react-checkbox@1.1.4 OK for: @figma/my-make-file@0.0.1 want: 1.1.4
359 silly placeDep ROOT @radix-ui/react-collapsible@1.1.3 OK for: @figma/my-make-file@0.0.1 want: 1.1.3
360 silly placeDep ROOT @radix-ui/react-context-menu@2.2.6 OK for: @figma/my-make-file@0.0.1 want: 2.2.6
361 silly placeDep ROOT @radix-ui/react-dialog@1.1.6 OK for: @figma/my-make-file@0.0.1 want: 1.1.6
362 silly placeDep ROOT @radix-ui/react-dropdown-menu@2.1.6 OK for: @figma/my-make-file@0.0.1 want: 2.1.6
363 silly placeDep ROOT @radix-ui/react-hover-card@1.1.6 OK for: @figma/my-make-file@0.0.1 want: 1.1.6
364 silly placeDep ROOT @radix-ui/react-label@2.1.2 OK for: @figma/my-make-file@0.0.1 want: 2.1.2
365 silly placeDep ROOT @radix-ui/react-menubar@1.1.6 OK for: @figma/my-make-file@0.0.1 want: 1.1.6
366 silly placeDep ROOT @radix-ui/react-navigation-menu@1.2.5 OK for: @figma/my-make-file@0.0.1 want: 1.2.5
367 silly placeDep ROOT @radix-ui/react-popover@1.1.6 OK for: @figma/my-make-file@0.0.1 want: 1.1.6
368 silly placeDep ROOT @radix-ui/react-progress@1.1.2 OK for: @figma/my-make-file@0.0.1 want: 1.1.2
369 silly placeDep ROOT @radix-ui/react-radio-group@1.2.3 OK for: @figma/my-make-file@0.0.1 want: 1.2.3
370 silly placeDep ROOT @radix-ui/react-scroll-area@1.2.3 OK for: @figma/my-make-file@0.0.1 want: 1.2.3
371 silly placeDep ROOT @radix-ui/react-select@2.1.6 OK for: @figma/my-make-file@0.0.1 want: 2.1.6
372 silly placeDep ROOT @radix-ui/react-separator@1.1.2 OK for: @figma/my-make-file@0.0.1 want: 1.1.2
373 silly placeDep ROOT @radix-ui/react-slider@1.2.3 OK for: @figma/my-make-file@0.0.1 want: 1.2.3
374 silly placeDep ROOT @radix-ui/react-slot@1.1.2 OK for: @figma/my-make-file@0.0.1 want: 1.1.2
375 silly placeDep ROOT @radix-ui/react-switch@1.1.3 OK for: @figma/my-make-file@0.0.1 want: 1.1.3
376 silly placeDep ROOT @radix-ui/react-tabs@1.1.3 OK for: @figma/my-make-file@0.0.1 want: 1.1.3
377 silly placeDep ROOT @radix-ui/react-toggle@1.1.2 OK for: @figma/my-make-file@0.0.1 want: 1.1.2
378 silly placeDep ROOT @radix-ui/react-toggle-group@1.1.2 OK for: @figma/my-make-file@0.0.1 want: 1.1.2
379 silly placeDep ROOT @radix-ui/react-tooltip@1.1.8 OK for: @figma/my-make-file@0.0.1 want: 1.1.8
380 silly placeDep ROOT @tailwindcss/vite@4.1.12 OK for: @figma/my-make-file@0.0.1 want: 4.1.12
381 silly placeDep ROOT vite@6.3.5 OK for: @tailwindcss/vite@4.1.12 want: ^5.2.0 || ^6 || ^7
382 silly placeDep ROOT @vitejs/plugin-react@4.7.0 OK for: @figma/my-make-file@0.0.1 want: 4.7.0
383 silly placeDep ROOT canvas-confetti@1.9.4 OK for: @figma/my-make-file@0.0.1 want: 1.9.4
384 silly placeDep ROOT class-variance-authority@0.7.1 OK for: @figma/my-make-file@0.0.1 want: 0.7.1
385 silly placeDep ROOT clsx@2.1.1 OK for: @figma/my-make-file@0.0.1 want: 2.1.1
386 silly placeDep ROOT cmdk@1.1.1 OK for: @figma/my-make-file@0.0.1 want: 1.1.1
387 silly placeDep ROOT date-fns@3.6.0 OK for: @figma/my-make-file@0.0.1 want: 3.6.0
388 silly placeDep ROOT embla-carousel-react@8.6.0 OK for: @figma/my-make-file@0.0.1 want: 8.6.0
389 silly placeDep ROOT input-otp@1.4.2 OK for: @figma/my-make-file@0.0.1 want: 1.4.2
390 silly placeDep ROOT lucide-react@0.487.0 OK for: @figma/my-make-file@0.0.1 want: 0.487.0
391 silly placeDep ROOT motion@12.23.24 OK for: @figma/my-make-file@0.0.1 want: 12.23.24
392 silly placeDep ROOT next-themes@0.4.6 OK for: @figma/my-make-file@0.0.1 want: 0.4.6
393 silly placeDep ROOT qrcode.react@4.2.0 OK for: @figma/my-make-file@0.0.1 want: ^4.2.0
394 silly placeDep ROOT react-day-picker@8.10.1 OK for: @figma/my-make-file@0.0.1 want: 8.10.1
395 silly placeDep ROOT react-dnd@16.0.1 OK for: @figma/my-make-file@0.0.1 want: 16.0.1
396 silly placeDep ROOT react-dnd-html5-backend@16.0.1 OK for: @figma/my-make-file@0.0.1 want: 16.0.1
397 silly placeDep ROOT react-hook-form@7.55.0 OK for: @figma/my-make-file@0.0.1 want: 7.55.0
398 silly placeDep ROOT react-popper@2.3.0 OK for: @figma/my-make-file@0.0.1 want: 2.3.0
399 silly placeDep ROOT react-resizable-panels@2.1.7 OK for: @figma/my-make-file@0.0.1 want: 2.1.7
400 silly placeDep ROOT react-responsive-masonry@2.7.1 OK for: @figma/my-make-file@0.0.1 want: 2.7.1
401 silly placeDep ROOT react-router@7.13.0 OK for: @figma/my-make-file@0.0.1 want: 7.13.0
402 silly placeDep ROOT react-slick@0.31.0 OK for: @figma/my-make-file@0.0.1 want: 0.31.0
403 silly placeDep ROOT recharts@2.15.2 OK for: @figma/my-make-file@0.0.1 want: 2.15.2
404 silly placeDep ROOT sonner@2.0.3 OK for: @figma/my-make-file@0.0.1 want: 2.0.3
405 silly placeDep ROOT tailwind-merge@3.2.0 OK for: @figma/my-make-file@0.0.1 want: 3.2.0
406 silly placeDep ROOT tailwindcss@4.1.12 OK for: @figma/my-make-file@0.0.1 want: 4.1.12
407 silly placeDep ROOT tw-animate-css@1.3.8 OK for: @figma/my-make-file@0.0.1 want: 1.3.8
408 silly placeDep ROOT vaul@1.1.2 OK for: @figma/my-make-file@0.0.1 want: 1.1.2
409 silly placeDep ROOT xlsx@0.18.5 OK for: @figma/my-make-file@0.0.1 want: ^0.18.5
410 silly fetch manifest @babel/runtime@^7.18.3
411 silly packumentCache full:https://registry.npmjs.org/@babel%2fruntime cache-miss
412 silly fetch manifest @emotion/cache@^11.14.0
413 silly packumentCache full:https://registry.npmjs.org/@emotion%2fcache cache-miss
414 silly fetch manifest @emotion/utils@^1.4.2
415 silly packumentCache full:https://registry.npmjs.org/@emotion%2futils cache-miss
416 http fetch GET 200 https://registry.npmjs.org/@babel%2fruntime 558ms (cache miss)
417 silly packumentCache full:https://registry.npmjs.org/@babel%2fruntime set size:undefined disposed:false
418 silly fetch manifest @emotion/serialize@^1.3.3
419 silly packumentCache full:https://registry.npmjs.org/@emotion%2fserialize cache-miss
420 http fetch GET 200 https://registry.npmjs.org/@emotion%2fcache 854ms (cache miss)
421 silly packumentCache full:https://registry.npmjs.org/@emotion%2fcache set size:undefined disposed:false
422 silly fetch manifest @emotion/babel-plugin@^11.13.5
423 silly packumentCache full:https://registry.npmjs.org/@emotion%2fbabel-plugin cache-miss
424 http fetch GET 200 https://registry.npmjs.org/@emotion%2futils 1036ms (cache miss)
425 silly packumentCache full:https://registry.npmjs.org/@emotion%2futils set size:undefined disposed:false
426 silly fetch manifest @emotion/weak-memoize@^0.4.0
427 silly packumentCache full:https://registry.npmjs.org/@emotion%2fweak-memoize cache-miss
428 http fetch GET 200 https://registry.npmjs.org/@emotion%2fserialize 912ms (cache miss)
429 silly packumentCache full:https://registry.npmjs.org/@emotion%2fserialize set size:undefined disposed:false
430 silly fetch manifest hoist-non-react-statics@^3.3.1
431 silly packumentCache full:https://registry.npmjs.org/hoist-non-react-statics cache-miss
432 http fetch GET 200 https://registry.npmjs.org/hoist-non-react-statics 70ms (cache miss)
433 silly packumentCache full:https://registry.npmjs.org/hoist-non-react-statics set size:undefined disposed:false
434 silly fetch manifest @emotion/use-insertion-effect-with-fallbacks@^1.2.0
435 silly packumentCache full:https://registry.npmjs.org/@emotion%2fuse-insertion-effect-with-fallbacks cache-miss
436 http fetch GET 200 https://registry.npmjs.org/@emotion%2fbabel-plugin 810ms (cache miss)
437 silly packumentCache full:https://registry.npmjs.org/@emotion%2fbabel-plugin set size:undefined disposed:false
438 silly fetch manifest loose-envify@^1.1.0
439 silly packumentCache full:https://registry.npmjs.org/loose-envify cache-miss
440 http fetch GET 200 https://registry.npmjs.org/loose-envify 57ms (cache miss)
441 silly packumentCache full:https://registry.npmjs.org/loose-envify set size:undefined disposed:false
442 silly fetch manifest @emotion/is-prop-valid@^1.3.0
443 silly packumentCache full:https://registry.npmjs.org/@emotion%2fis-prop-valid cache-miss
444 http cache https://registry.npmjs.org/@emotion%2fis-prop-valid 9ms (cache hit)
445 silly packumentCache full:https://registry.npmjs.org/@emotion%2fis-prop-valid set size:96539 disposed:false
446 silly fetch manifest @emotion/use-insertion-effect-with-fallbacks@^1.2.0
447 silly packumentCache full:https://registry.npmjs.org/@emotion%2fuse-insertion-effect-with-fallbacks cache-miss
448 http fetch GET 200 https://registry.npmjs.org/@emotion%2fweak-memoize 786ms (cache miss)
449 silly packumentCache full:https://registry.npmjs.org/@emotion%2fweak-memoize set size:undefined disposed:false
450 silly fetch manifest @babel/runtime@^7.28.4
451 silly packumentCache full:https://registry.npmjs.org/@babel%2fruntime cache-miss
452 http cache https://registry.npmjs.org/@babel%2fruntime 28ms (cache hit)
453 silly packumentCache full:https://registry.npmjs.org/@babel%2fruntime set size:3455431 disposed:false
454 silly fetch manifest clsx@^2.1.1
455 silly packumentCache full:https://registry.npmjs.org/clsx cache-miss
456 http cache https://registry.npmjs.org/clsx 8ms (cache hit)
457 silly packumentCache full:https://registry.npmjs.org/clsx set size:42506 disposed:false
458 silly fetch manifest csstype@^3.1.3
459 silly packumentCache full:https://registry.npmjs.org/csstype cache-miss
460 http fetch GET 200 https://registry.npmjs.org/csstype 118ms (cache miss)
461 silly packumentCache full:https://registry.npmjs.org/csstype set size:undefined disposed:false
462 silly fetch manifest react-is@^19.2.0
463 silly packumentCache full:https://registry.npmjs.org/react-is cache-miss
464 http fetch GET 200 https://registry.npmjs.org/@emotion%2fuse-insertion-effect-with-fallbacks 806ms (cache miss)
465 silly packumentCache full:https://registry.npmjs.org/@emotion%2fuse-insertion-effect-with-fallbacks set size:undefined disposed:false
466 silly fetch manifest @mui/types@^7.4.8
467 silly packumentCache full:https://registry.npmjs.org/@mui%2ftypes cache-miss
468 http fetch GET 200 https://registry.npmjs.org/@emotion%2fuse-insertion-effect-with-fallbacks 765ms (cache miss)
469 silly packumentCache full:https://registry.npmjs.org/@emotion%2fuse-insertion-effect-with-fallbacks set size:undefined disposed:false
470 silly fetch manifest @mui/utils@^7.3.5
471 silly packumentCache full:https://registry.npmjs.org/@mui%2futils cache-miss
472 http fetch GET 200 https://registry.npmjs.org/react-is 615ms (cache miss)
473 silly packumentCache full:https://registry.npmjs.org/react-is set size:undefined disposed:false
474 silly fetch manifest prop-types@^15.8.1
475 silly packumentCache full:https://registry.npmjs.org/prop-types cache-miss
476 http fetch GET 200 https://registry.npmjs.org/prop-types 470ms (cache miss)
477 silly packumentCache full:https://registry.npmjs.org/prop-types set size:undefined disposed:false
478 silly fetch manifest @mui/system@^7.3.5
479 silly packumentCache full:https://registry.npmjs.org/@mui%2fsystem cache-miss
480 http fetch GET 200 https://registry.npmjs.org/@mui%2ftypes 927ms (cache miss)
481 silly packumentCache full:https://registry.npmjs.org/@mui%2ftypes set size:undefined disposed:false
482 silly fetch manifest @popperjs/core@^2.11.8
483 silly packumentCache full:https://registry.npmjs.org/@popperjs%2fcore cache-miss
484 http cache https://registry.npmjs.org/@popperjs%2fcore 13ms (cache hit)
485 silly packumentCache full:https://registry.npmjs.org/@popperjs%2fcore set size:579534 disposed:false
486 silly fetch manifest react-transition-group@^4.4.5
487 silly packumentCache full:https://registry.npmjs.org/react-transition-group cache-miss
488 http fetch GET 200 https://registry.npmjs.org/@mui%2futils 908ms (cache miss)
489 silly packumentCache full:https://registry.npmjs.org/@mui%2futils set size:undefined disposed:false
490 silly fetch manifest @mui/core-downloads-tracker@^7.3.5
491 silly packumentCache full:https://registry.npmjs.org/@mui%2fcore-downloads-tracker cache-miss
492 http fetch GET 200 https://registry.npmjs.org/react-transition-group 329ms (cache miss)
493 silly packumentCache full:https://registry.npmjs.org/react-transition-group set size:undefined disposed:false
494 silly fetch manifest @types/react-transition-group@^4.4.12
495 silly packumentCache full:https://registry.npmjs.org/@types%2freact-transition-group cache-miss
496 http fetch GET 200 https://registry.npmjs.org/@mui%2fsystem 850ms (cache miss)
497 silly packumentCache full:https://registry.npmjs.org/@mui%2fsystem set size:undefined disposed:false
498 silly fetch manifest scheduler@^0.23.2
499 silly packumentCache full:https://registry.npmjs.org/scheduler cache-miss
500 http fetch GET 200 https://registry.npmjs.org/@mui%2fcore-downloads-tracker 800ms (cache miss)
501 silly packumentCache full:https://registry.npmjs.org/@mui%2fcore-downloads-tracker set size:undefined disposed:false
502 silly fetch manifest @radix-ui/react-id@1.1.0
503 silly packumentCache full:https://registry.npmjs.org/@radix-ui%2freact-id cache-miss
504 http fetch GET 200 https://registry.npmjs.org/@types%2freact-transition-group 614ms (cache miss)
505 silly packumentCache full:https://registry.npmjs.org/@types%2freact-transition-group set size:undefined disposed:false
506 silly fetch manifest @radix-ui/primitive@1.1.1
507 silly packumentCache full:https://registry.npmjs.org/@radix-ui%2fprimitive cache-miss
508 http fetch GET 200 https://registry.npmjs.org/@radix-ui%2fprimitive 382ms (cache miss)
509 silly packumentCache full:https://registry.npmjs.org/@radix-ui%2fprimitive set size:undefined disposed:false
510 silly fetch manifest @radix-ui/react-context@1.1.1
511 silly packumentCache full:https://registry.npmjs.org/@radix-ui%2freact-context cache-miss
512 http fetch GET 200 https://registry.npmjs.org/scheduler 738ms (cache miss)
513 silly packumentCache full:https://registry.npmjs.org/scheduler set size:undefined disposed:false
514 silly fetch manifest @radix-ui/react-direction@1.1.0
515 silly packumentCache full:https://registry.npmjs.org/@radix-ui%2freact-direction cache-miss
516 http fetch GET 200 https://registry.npmjs.org/@radix-ui%2freact-id 803ms (cache miss)
517 silly packumentCache full:https://registry.npmjs.org/@radix-ui%2freact-id set size:undefined disposed:false
518 silly fetch manifest @radix-ui/react-primitive@2.0.2
519 silly packumentCache full:https://registry.npmjs.org/@radix-ui%2freact-primitive cache-miss
520 http fetch GET 200 https://registry.npmjs.org/@radix-ui%2freact-context 398ms (cache miss)
521 silly packumentCache full:https://registry.npmjs.org/@radix-ui%2freact-context set size:undefined disposed:false
522 silly fetch manifest @radix-ui/react-collection@1.1.2
523 silly packumentCache full:https://registry.npmjs.org/@radix-ui%2freact-collection cache-miss
524 http fetch GET 200 https://registry.npmjs.org/@radix-ui%2freact-direction 314ms (cache miss)
525 silly packumentCache full:https://registry.npmjs.org/@radix-ui%2freact-direction set size:undefined disposed:false
526 silly fetch manifest @radix-ui/react-compose-refs@1.1.1
527 silly packumentCache full:https://registry.npmjs.org/@radix-ui%2freact-compose-refs cache-miss
528 http fetch GET 200 https://registry.npmjs.org/@radix-ui%2freact-compose-refs 100ms (cache miss)
529 silly packumentCache full:https://registry.npmjs.org/@radix-ui%2freact-compose-refs set size:undefined disposed:false
530 silly fetch manifest @radix-ui/react-use-controllable-state@1.1.0
531 silly packumentCache full:https://registry.npmjs.org/@radix-ui%2freact-use-controllable-state cache-miss
532 http fetch GET 200 https://registry.npmjs.org/@radix-ui%2freact-primitive 578ms (cache miss)
533 silly packumentCache full:https://registry.npmjs.org/@radix-ui%2freact-primitive set size:undefined disposed:false
534 silly fetch manifest @radix-ui/react-use-callback-ref@1.1.0
535 silly packumentCache full:https://registry.npmjs.org/@radix-ui%2freact-use-callback-ref cache-miss
536 http fetch GET 200 https://registry.npmjs.org/@radix-ui%2freact-use-controllable-state 387ms (cache miss)
537 silly packumentCache full:https://registry.npmjs.org/@radix-ui%2freact-use-controllable-state set size:undefined disposed:false
538 silly fetch manifest @radix-ui/react-use-layout-effect@1.1.0
539 silly packumentCache full:https://registry.npmjs.org/@radix-ui%2freact-use-layout-effect cache-miss
540 http fetch GET 200 https://registry.npmjs.org/@radix-ui%2freact-collection 726ms (cache miss)
541 silly packumentCache full:https://registry.npmjs.org/@radix-ui%2freact-collection set size:undefined disposed:false
542 silly fetch manifest @radix-ui/react-presence@1.1.2
543 silly packumentCache full:https://registry.npmjs.org/@radix-ui%2freact-presence cache-miss
544 http fetch GET 200 https://registry.npmjs.org/@radix-ui%2freact-use-callback-ref 366ms (cache miss)
545 silly packumentCache full:https://registry.npmjs.org/@radix-ui%2freact-use-callback-ref set size:undefined disposed:false
546 silly fetch manifest @radix-ui/react-use-size@1.1.0
547 silly packumentCache full:https://registry.npmjs.org/@radix-ui%2freact-use-size cache-miss
548 http fetch GET 200 https://registry.npmjs.org/@radix-ui%2freact-use-layout-effect 363ms (cache miss)
549 silly packumentCache full:https://registry.npmjs.org/@radix-ui%2freact-use-layout-effect set size:undefined disposed:false
550 silly fetch manifest @radix-ui/react-use-previous@1.1.0
551 silly packumentCache full:https://registry.npmjs.org/@radix-ui%2freact-use-previous cache-miss
552 http fetch GET 200 https://registry.npmjs.org/@radix-ui%2freact-presence 423ms (cache miss)
553 silly packumentCache full:https://registry.npmjs.org/@radix-ui%2freact-presence set size:undefined disposed:false
554 silly fetch manifest @radix-ui/react-menu@2.1.6
555 silly packumentCache full:https://registry.npmjs.org/@radix-ui%2freact-menu cache-miss
556 http fetch GET 200 https://registry.npmjs.org/@radix-ui%2freact-use-previous 295ms (cache miss)
557 silly packumentCache full:https://registry.npmjs.org/@radix-ui%2freact-use-previous set size:undefined disposed:false
558 silly fetch manifest aria-hidden@^1.2.4
559 silly packumentCache full:https://registry.npmjs.org/aria-hidden cache-miss
560 http fetch GET 200 https://registry.npmjs.org/aria-hidden 64ms (cache miss)
561 silly packumentCache full:https://registry.npmjs.org/aria-hidden set size:undefined disposed:false
562 silly fetch manifest react-remove-scroll@^2.6.3
563 silly packumentCache full:https://registry.npmjs.org/react-remove-scroll cache-miss
564 http fetch GET 200 https://registry.npmjs.org/@radix-ui%2freact-use-size 568ms (cache miss)
565 silly packumentCache full:https://registry.npmjs.org/@radix-ui%2freact-use-size set size:undefined disposed:false
566 silly fetch manifest @radix-ui/react-portal@1.1.4
567 silly packumentCache full:https://registry.npmjs.org/@radix-ui%2freact-portal cache-miss
568 http fetch GET 200 https://registry.npmjs.org/react-remove-scroll 74ms (cache miss)
569 silly packumentCache full:https://registry.npmjs.org/react-remove-scroll set size:undefined disposed:false
570 silly fetch manifest @radix-ui/react-focus-scope@1.1.2
571 silly packumentCache full:https://registry.npmjs.org/@radix-ui%2freact-focus-scope cache-miss
572 http fetch GET 200 https://registry.npmjs.org/@radix-ui%2freact-portal 136ms (cache miss)
573 silly packumentCache full:https://registry.npmjs.org/@radix-ui%2freact-portal set size:undefined disposed:false
574 silly fetch manifest @radix-ui/react-focus-guards@1.1.1
575 silly packumentCache full:https://registry.npmjs.org/@radix-ui%2freact-focus-guards cache-miss
576 http fetch GET 200 https://registry.npmjs.org/@radix-ui%2freact-menu 504ms (cache miss)
577 silly packumentCache full:https://registry.npmjs.org/@radix-ui%2freact-menu set size:undefined disposed:false
578 silly fetch manifest @radix-ui/react-dismissable-layer@1.1.5
579 silly packumentCache full:https://registry.npmjs.org/@radix-ui%2freact-dismissable-layer cache-miss
580 http fetch GET 200 https://registry.npmjs.org/@radix-ui%2freact-focus-guards 94ms (cache miss)
581 silly packumentCache full:https://registry.npmjs.org/@radix-ui%2freact-focus-guards set size:undefined disposed:false
582 silly fetch manifest @radix-ui/react-popper@1.2.2
583 silly packumentCache full:https://registry.npmjs.org/@radix-ui%2freact-popper cache-miss
584 http fetch GET 200 https://registry.npmjs.org/@radix-ui%2freact-dismissable-layer 265ms (cache miss)
585 silly packumentCache full:https://registry.npmjs.org/@radix-ui%2freact-dismissable-layer set size:undefined disposed:false
586 silly fetch manifest @radix-ui/react-roving-focus@1.1.2
587 silly packumentCache full:https://registry.npmjs.org/@radix-ui%2freact-roving-focus cache-miss
588 http fetch GET 200 https://registry.npmjs.org/@radix-ui%2freact-focus-scope 436ms (cache miss)
589 silly packumentCache full:https://registry.npmjs.org/@radix-ui%2freact-focus-scope set size:undefined disposed:false
590 silly fetch manifest @radix-ui/react-visually-hidden@1.1.2
591 silly packumentCache full:https://registry.npmjs.org/@radix-ui%2freact-visually-hidden cache-miss
592 http fetch GET 200 https://registry.npmjs.org/@radix-ui%2freact-popper 399ms (cache miss)
593 silly packumentCache full:https://registry.npmjs.org/@radix-ui%2freact-popper set size:undefined disposed:false
594 silly fetch manifest @radix-ui/react-roving-focus@1.1.2
595 silly packumentCache full:https://registry.npmjs.org/@radix-ui%2freact-roving-focus cache-miss
596 http fetch GET 200 https://registry.npmjs.org/@radix-ui%2freact-visually-hidden 160ms (cache miss)
597 silly packumentCache full:https://registry.npmjs.org/@radix-ui%2freact-visually-hidden set size:undefined disposed:false
598 silly fetch manifest @radix-ui/number@1.1.0
599 silly packumentCache full:https://registry.npmjs.org/@radix-ui%2fnumber cache-miss
600 http fetch GET 200 https://registry.npmjs.org/@radix-ui%2fnumber 83ms (cache miss)
601 silly packumentCache full:https://registry.npmjs.org/@radix-ui%2fnumber set size:undefined disposed:false
602 silly fetch manifest @radix-ui/react-roving-focus@1.1.2
603 silly packumentCache full:https://registry.npmjs.org/@radix-ui%2freact-roving-focus cache-miss
604 http fetch GET 200 https://registry.npmjs.org/@radix-ui%2freact-roving-focus 268ms (cache miss)
605 silly packumentCache full:https://registry.npmjs.org/@radix-ui%2freact-roving-focus set size:undefined disposed:false
606 silly fetch manifest @tailwindcss/node@4.1.12
607 silly packumentCache full:https://registry.npmjs.org/@tailwindcss%2fnode cache-miss
608 http fetch GET 200 https://registry.npmjs.org/@radix-ui%2freact-roving-focus 195ms (cache miss)
609 silly packumentCache full:https://registry.npmjs.org/@radix-ui%2freact-roving-focus set size:undefined disposed:false
610 silly fetch manifest @tailwindcss/oxide@4.1.12
611 silly packumentCache full:https://registry.npmjs.org/@tailwindcss%2foxide cache-miss
612 http fetch GET 200 https://registry.npmjs.org/@radix-ui%2freact-roving-focus 517ms (cache miss)
613 silly packumentCache full:https://registry.npmjs.org/@radix-ui%2freact-roving-focus set size:undefined disposed:false
614 silly fetch manifest fdir@^6.4.4
615 silly packumentCache full:https://registry.npmjs.org/fdir cache-miss
616 http fetch GET 200 https://registry.npmjs.org/fdir 89ms (cache miss)
617 silly packumentCache full:https://registry.npmjs.org/fdir set size:undefined disposed:false
618 silly fetch manifest rollup@^4.34.9
619 silly packumentCache full:https://registry.npmjs.org/rollup cache-miss
620 http fetch GET 200 https://registry.npmjs.org/@tailwindcss%2fnode 538ms (cache miss)
621 silly packumentCache full:https://registry.npmjs.org/@tailwindcss%2fnode set size:undefined disposed:false
622 silly fetch manifest esbuild@^0.25.0
623 silly packumentCache full:https://registry.npmjs.org/esbuild cache-miss
624 http fetch GET 200 https://registry.npmjs.org/@tailwindcss%2foxide 715ms (cache miss)
625 silly packumentCache full:https://registry.npmjs.org/@tailwindcss%2foxide set size:undefined disposed:false
626 silly fetch manifest postcss@^8.5.3
627 silly packumentCache full:https://registry.npmjs.org/postcss cache-miss
628 http cache https://registry.npmjs.org/postcss 57ms (cache hit)
629 silly packumentCache full:https://registry.npmjs.org/postcss set size:723316 disposed:false
630 silly fetch manifest picomatch@^4.0.2
631 silly packumentCache full:https://registry.npmjs.org/picomatch cache-miss
632 http fetch GET 200 https://registry.npmjs.org/picomatch 90ms (cache miss)
633 silly packumentCache full:https://registry.npmjs.org/picomatch set size:undefined disposed:false
634 silly fetch manifest tinyglobby@^0.2.13
635 silly packumentCache full:https://registry.npmjs.org/tinyglobby cache-miss
636 http fetch GET 200 https://registry.npmjs.org/rollup 888ms (cache miss)
637 silly packumentCache full:https://registry.npmjs.org/rollup set size:undefined disposed:false
638 silly fetch manifest fsevents@~2.3.3
639 silly packumentCache full:https://registry.npmjs.org/fsevents cache-miss
640 http fetch GET 200 https://registry.npmjs.org/esbuild 629ms (cache miss)
641 silly packumentCache full:https://registry.npmjs.org/esbuild set size:undefined disposed:false
642 silly fetch manifest @babel/core@^7.28.0
643 silly packumentCache full:https://registry.npmjs.org/@babel%2fcore cache-miss
644 http fetch GET 200 https://registry.npmjs.org/fsevents 125ms (cache miss)
645 silly packumentCache full:https://registry.npmjs.org/fsevents set size:undefined disposed:false
646 silly fetch manifest react-refresh@^0.17.0
647 silly packumentCache full:https://registry.npmjs.org/react-refresh cache-miss
648 http fetch GET 200 https://registry.npmjs.org/tinyglobby 383ms (cache miss)
649 silly packumentCache full:https://registry.npmjs.org/tinyglobby set size:undefined disposed:false
650 silly fetch manifest @types/babel__core@^7.20.5
651 silly packumentCache full:https://registry.npmjs.org/@types%2fbabel__core cache-miss
652 http fetch GET 200 https://registry.npmjs.org/@babel%2fcore 152ms (cache miss)
653 silly packumentCache full:https://registry.npmjs.org/@babel%2fcore set size:undefined disposed:false
654 silly fetch manifest @rolldown/pluginutils@1.0.0-beta.27
655 silly packumentCache full:https://registry.npmjs.org/@rolldown%2fpluginutils cache-miss
656 http fetch GET 200 https://registry.npmjs.org/@types%2fbabel__core 430ms (cache miss)
657 silly packumentCache full:https://registry.npmjs.org/@types%2fbabel__core set size:undefined disposed:false
658 silly fetch manifest @babel/plugin-transform-react-jsx-self@^7.27.1
659 silly packumentCache full:https://registry.npmjs.org/@babel%2fplugin-transform-react-jsx-self cache-miss
660 http fetch GET 200 https://registry.npmjs.org/@rolldown%2fpluginutils 430ms (cache miss)
661 silly packumentCache full:https://registry.npmjs.org/@rolldown%2fpluginutils set size:undefined disposed:false
662 silly fetch manifest @babel/plugin-transform-react-jsx-source@^7.27.1
663 silly packumentCache full:https://registry.npmjs.org/@babel%2fplugin-transform-react-jsx-source cache-miss
664 http fetch GET 200 https://registry.npmjs.org/@babel%2fplugin-transform-react-jsx-source 221ms (cache miss)
665 silly packumentCache full:https://registry.npmjs.org/@babel%2fplugin-transform-react-jsx-source set size:undefined disposed:false
666 silly fetch manifest @radix-ui/react-id@^1.1.0
667 silly packumentCache full:https://registry.npmjs.org/@radix-ui%2freact-id cache-miss
668 http cache https://registry.npmjs.org/@radix-ui%2freact-id 11ms (cache hit)
669 silly packumentCache full:https://registry.npmjs.org/@radix-ui%2freact-id set size:353653 disposed:false
670 silly fetch manifest @radix-ui/react-primitive@^2.0.2
671 silly packumentCache full:https://registry.npmjs.org/@radix-ui%2freact-primitive cache-miss
672 http cache https://registry.npmjs.org/@radix-ui%2freact-primitive 15ms (cache hit)
673 silly packumentCache full:https://registry.npmjs.org/@radix-ui%2freact-primitive set size:668743 disposed:false
674 silly fetch manifest @radix-ui/react-compose-refs@^1.1.1
675 silly packumentCache full:https://registry.npmjs.org/@radix-ui%2freact-compose-refs cache-miss
676 http cache https://registry.npmjs.org/@radix-ui%2freact-compose-refs 9ms (cache hit)
677 silly packumentCache full:https://registry.npmjs.org/@radix-ui%2freact-compose-refs set size:247624 disposed:false
678 silly fetch manifest embla-carousel@8.6.0
679 silly packumentCache full:https://registry.npmjs.org/embla-carousel cache-miss
680 http fetch GET 200 https://registry.npmjs.org/@babel%2fplugin-transform-react-jsx-self 452ms (cache miss)
681 silly packumentCache full:https://registry.npmjs.org/@babel%2fplugin-transform-react-jsx-self set size:undefined disposed:false
682 silly fetch manifest embla-carousel-reactive-utils@8.6.0
683 silly packumentCache full:https://registry.npmjs.org/embla-carousel-reactive-utils cache-miss
684 http fetch GET 200 https://registry.npmjs.org/react-refresh 1251ms (cache miss)
685 silly packumentCache full:https://registry.npmjs.org/react-refresh set size:undefined disposed:false
686 silly fetch manifest tslib@^2.4.0
687 silly packumentCache full:https://registry.npmjs.org/tslib cache-miss
688 http fetch GET 200 https://registry.npmjs.org/embla-carousel 513ms (cache miss)
689 silly packumentCache full:https://registry.npmjs.org/embla-carousel set size:undefined disposed:false
690 silly fetch manifest framer-motion@^12.23.24
691 silly packumentCache full:https://registry.npmjs.org/framer-motion cache-miss
692 http fetch GET 200 https://registry.npmjs.org/embla-carousel-reactive-utils 388ms (cache miss)
693 silly packumentCache full:https://registry.npmjs.org/embla-carousel-reactive-utils set size:undefined disposed:false
694 silly fetch manifest @react-dnd/invariant@^4.0.1
695 silly packumentCache full:https://registry.npmjs.org/@react-dnd%2finvariant cache-miss
696 http fetch GET 200 https://registry.npmjs.org/tslib 78ms (cache miss)
697 silly packumentCache full:https://registry.npmjs.org/tslib set size:undefined disposed:false
698 silly fetch manifest @react-dnd/shallowequal@^4.0.1
699 silly packumentCache full:https://registry.npmjs.org/@react-dnd%2fshallowequal cache-miss
700 http fetch GET 200 https://registry.npmjs.org/@react-dnd%2fshallowequal 799ms (cache miss)
701 silly packumentCache full:https://registry.npmjs.org/@react-dnd%2fshallowequal set size:undefined disposed:false
702 silly fetch manifest dnd-core@^16.0.1
703 silly packumentCache full:https://registry.npmjs.org/dnd-core cache-miss
704 http fetch GET 200 https://registry.npmjs.org/@react-dnd%2finvariant 880ms (cache miss)
705 silly packumentCache full:https://registry.npmjs.org/@react-dnd%2finvariant set size:undefined disposed:false
706 silly fetch manifest fast-deep-equal@^3.1.3
707 silly packumentCache full:https://registry.npmjs.org/fast-deep-equal cache-miss
708 http fetch GET 200 https://registry.npmjs.org/framer-motion 918ms (cache miss)
709 silly packumentCache full:https://registry.npmjs.org/framer-motion set size:undefined disposed:false
710 silly fetch manifest hoist-non-react-statics@^3.3.2
711 silly packumentCache full:https://registry.npmjs.org/hoist-non-react-statics cache-miss
712 http cache https://registry.npmjs.org/hoist-non-react-statics 20ms (cache hit)
713 silly packumentCache full:https://registry.npmjs.org/hoist-non-react-statics set size:97044 disposed:false
714 silly fetch manifest dnd-core@^16.0.1
715 silly packumentCache full:https://registry.npmjs.org/dnd-core cache-miss
716 http fetch GET 200 https://registry.npmjs.org/fast-deep-equal 287ms (cache miss)
717 silly packumentCache full:https://registry.npmjs.org/fast-deep-equal set size:undefined disposed:false
718 silly fetch manifest react-fast-compare@^3.0.1
719 silly packumentCache full:https://registry.npmjs.org/react-fast-compare cache-miss
720 http fetch GET 200 https://registry.npmjs.org/dnd-core 401ms (cache miss)
721 silly packumentCache full:https://registry.npmjs.org/dnd-core set size:undefined disposed:false
722 silly fetch manifest warning@^4.0.2
723 silly packumentCache full:https://registry.npmjs.org/warning cache-miss
724 http fetch GET 200 https://registry.npmjs.org/dnd-core 136ms (cache miss)
725 silly packumentCache full:https://registry.npmjs.org/dnd-core set size:undefined disposed:false
726 silly fetch manifest cookie@^1.0.1
727 silly packumentCache full:https://registry.npmjs.org/cookie cache-miss
728 http fetch GET 200 https://registry.npmjs.org/cookie 92ms (cache miss)
729 silly packumentCache full:https://registry.npmjs.org/cookie set size:undefined disposed:false
730 silly fetch manifest set-cookie-parser@^2.6.0
731 silly packumentCache full:https://registry.npmjs.org/set-cookie-parser cache-miss
732 http fetch GET 200 https://registry.npmjs.org/react-fast-compare 350ms (cache miss)
733 silly packumentCache full:https://registry.npmjs.org/react-fast-compare set size:undefined disposed:false
734 silly fetch manifest classnames@^2.2.5
735 silly packumentCache full:https://registry.npmjs.org/classnames cache-miss
736 http fetch GET 200 https://registry.npmjs.org/warning 306ms (cache miss)
737 silly packumentCache full:https://registry.npmjs.org/warning set size:undefined disposed:false
738 silly fetch manifest json2mq@^0.2.0
739 silly packumentCache full:https://registry.npmjs.org/json2mq cache-miss
740 http fetch GET 200 https://registry.npmjs.org/set-cookie-parser 342ms (cache miss)
741 silly packumentCache full:https://registry.npmjs.org/set-cookie-parser set size:undefined disposed:false
742 silly fetch manifest lodash.debounce@^4.0.8
743 silly packumentCache full:https://registry.npmjs.org/lodash.debounce cache-miss
744 http fetch GET 200 https://registry.npmjs.org/classnames 332ms (cache miss)
745 silly packumentCache full:https://registry.npmjs.org/classnames set size:undefined disposed:false
746 silly fetch manifest resize-observer-polyfill@^1.5.0
747 silly packumentCache full:https://registry.npmjs.org/resize-observer-polyfill cache-miss
748 http fetch GET 200 https://registry.npmjs.org/lodash.debounce 132ms (cache miss)
749 silly packumentCache full:https://registry.npmjs.org/lodash.debounce set size:undefined disposed:false
750 silly fetch manifest lodash@^4.17.21
751 silly packumentCache full:https://registry.npmjs.org/lodash cache-miss
752 http fetch GET 200 https://registry.npmjs.org/json2mq 326ms (cache miss)
753 silly packumentCache full:https://registry.npmjs.org/json2mq set size:undefined disposed:false
754 silly fetch manifest react-is@^18.3.1
755 silly packumentCache full:https://registry.npmjs.org/react-is cache-miss
756 http cache https://registry.npmjs.org/react-is 36ms (cache hit)
757 silly packumentCache full:https://registry.npmjs.org/react-is set size:5411457 disposed:false
758 silly fetch manifest react-smooth@^4.0.4
759 silly packumentCache full:https://registry.npmjs.org/react-smooth cache-miss
760 http fetch GET 200 https://registry.npmjs.org/lodash 247ms (cache miss)
761 silly packumentCache full:https://registry.npmjs.org/lodash set size:undefined disposed:false
762 silly fetch manifest eventemitter3@^4.0.1
763 silly packumentCache full:https://registry.npmjs.org/eventemitter3 cache-miss
764 http fetch GET 200 https://registry.npmjs.org/resize-observer-polyfill 317ms (cache miss)
765 silly packumentCache full:https://registry.npmjs.org/resize-observer-polyfill set size:undefined disposed:false
766 silly fetch manifest recharts-scale@^0.4.4
767 silly packumentCache full:https://registry.npmjs.org/recharts-scale cache-miss
768 http fetch GET 200 https://registry.npmjs.org/eventemitter3 72ms (cache miss)
769 silly packumentCache full:https://registry.npmjs.org/eventemitter3 set size:undefined disposed:false
770 silly fetch manifest tiny-invariant@^1.3.1
771 silly packumentCache full:https://registry.npmjs.org/tiny-invariant cache-miss
772 http fetch GET 200 https://registry.npmjs.org/tiny-invariant 94ms (cache miss)
773 silly packumentCache full:https://registry.npmjs.org/tiny-invariant set size:undefined disposed:false
774 silly fetch manifest victory-vendor@^36.6.8
775 silly packumentCache full:https://registry.npmjs.org/victory-vendor cache-miss
776 http fetch GET 200 https://registry.npmjs.org/victory-vendor 80ms (cache miss)
777 silly packumentCache full:https://registry.npmjs.org/victory-vendor set size:undefined disposed:false
778 silly fetch manifest cfb@~1.2.1
779 silly packumentCache full:https://registry.npmjs.org/cfb cache-miss
780 http fetch GET 200 https://registry.npmjs.org/react-smooth 369ms (cache miss)
781 silly packumentCache full:https://registry.npmjs.org/react-smooth set size:undefined disposed:false
782 silly fetch manifest ssf@~0.11.2
783 silly packumentCache full:https://registry.npmjs.org/ssf cache-miss
784 http fetch GET 200 https://registry.npmjs.org/recharts-scale 328ms (cache miss)
785 silly packumentCache full:https://registry.npmjs.org/recharts-scale set size:undefined disposed:false
786 silly fetch manifest wmf@~1.0.1
787 silly packumentCache full:https://registry.npmjs.org/wmf cache-miss
788 http fetch GET 200 https://registry.npmjs.org/cfb 327ms (cache miss)
789 silly packumentCache full:https://registry.npmjs.org/cfb set size:undefined disposed:false
790 silly fetch manifest word@~0.3.0
791 silly packumentCache full:https://registry.npmjs.org/word cache-miss
792 http fetch GET 200 https://registry.npmjs.org/ssf 345ms (cache miss)
793 silly packumentCache full:https://registry.npmjs.org/ssf set size:undefined disposed:false
794 silly fetch manifest crc-32@~1.2.1
795 silly packumentCache full:https://registry.npmjs.org/crc-32 cache-miss
796 http fetch GET 200 https://registry.npmjs.org/wmf 298ms (cache miss)
797 silly packumentCache full:https://registry.npmjs.org/wmf set size:undefined disposed:false
798 silly fetch manifest adler-32@~1.3.0
799 silly packumentCache full:https://registry.npmjs.org/adler-32 cache-miss
800 http fetch GET 200 https://registry.npmjs.org/crc-32 99ms (cache miss)
801 silly packumentCache full:https://registry.npmjs.org/crc-32 set size:undefined disposed:false
802 silly fetch manifest codepage@~1.15.0
803 silly packumentCache full:https://registry.npmjs.org/codepage cache-miss
804 http fetch GET 200 https://registry.npmjs.org/word 321ms (cache miss)
805 silly packumentCache full:https://registry.npmjs.org/word set size:undefined disposed:false
806 http fetch GET 200 https://registry.npmjs.org/adler-32 323ms (cache miss)
807 silly packumentCache full:https://registry.npmjs.org/adler-32 set size:undefined disposed:false
808 http fetch GET 200 https://registry.npmjs.org/codepage 335ms (cache miss)
809 silly packumentCache full:https://registry.npmjs.org/codepage set size:undefined disposed:false
810 silly fetch manifest react@>=16.8.0
811 silly packumentCache full:https://registry.npmjs.org/react cache-miss
812 http cache https://registry.npmjs.org/react 41ms (cache hit)
813 silly packumentCache full:https://registry.npmjs.org/react set size:6688498 disposed:false
814 silly placeDep ROOT @babel/runtime@7.29.7 OK for: @emotion/react@11.14.0 want: ^7.18.3
815 silly placeDep ROOT @emotion/babel-plugin@11.13.5 OK for: @emotion/react@11.14.0 want: ^11.13.5
816 silly placeDep ROOT @emotion/cache@11.14.0 OK for: @emotion/react@11.14.0 want: ^11.14.0
817 silly placeDep ROOT @emotion/serialize@1.3.3 OK for: @emotion/react@11.14.0 want: ^1.3.3
818 silly placeDep ROOT @emotion/use-insertion-effect-with-fallbacks@1.2.0 OK for: @emotion/react@11.14.0 want: ^1.2.0
819 silly placeDep ROOT @emotion/utils@1.4.2 OK for: @emotion/react@11.14.0 want: ^1.4.2
820 silly placeDep ROOT @emotion/weak-memoize@0.4.0 OK for: @emotion/react@11.14.0 want: ^0.4.0
821 silly placeDep ROOT hoist-non-react-statics@3.3.2 OK for: @emotion/react@11.14.0 want: ^3.3.1
822 silly fetch manifest stylis@4.2.0
823 silly packumentCache full:https://registry.npmjs.org/stylis cache-miss
824 silly fetch manifest find-root@^1.1.0
825 silly packumentCache full:https://registry.npmjs.org/find-root cache-miss
826 silly fetch manifest source-map@^0.5.7
827 silly packumentCache full:https://registry.npmjs.org/source-map cache-miss
828 http fetch GET 200 https://registry.npmjs.org/source-map 115ms (cache miss)
829 silly packumentCache full:https://registry.npmjs.org/source-map set size:undefined disposed:false
830 silly fetch manifest @emotion/hash@^0.9.2
831 silly packumentCache full:https://registry.npmjs.org/@emotion%2fhash cache-miss
832 http fetch GET 200 https://registry.npmjs.org/find-root 383ms (cache miss)
833 silly packumentCache full:https://registry.npmjs.org/find-root set size:undefined disposed:false
834 silly fetch manifest @emotion/memoize@^0.9.0
835 silly packumentCache full:https://registry.npmjs.org/@emotion%2fmemoize cache-miss
836 http fetch GET 200 https://registry.npmjs.org/stylis 403ms (cache miss)
837 silly packumentCache full:https://registry.npmjs.org/stylis set size:undefined disposed:false
838 silly fetch manifest convert-source-map@^1.5.0
839 silly packumentCache full:https://registry.npmjs.org/convert-source-map cache-miss
840 http fetch GET 200 https://registry.npmjs.org/convert-source-map 338ms (cache miss)
841 silly packumentCache full:https://registry.npmjs.org/convert-source-map set size:undefined disposed:false
842 silly fetch manifest babel-plugin-macros@^3.1.0
843 silly packumentCache full:https://registry.npmjs.org/babel-plugin-macros cache-miss
844 http fetch GET 200 https://registry.npmjs.org/@emotion%2fhash 882ms (cache miss)
845 silly packumentCache full:https://registry.npmjs.org/@emotion%2fhash set size:undefined disposed:false
846 silly fetch manifest escape-string-regexp@^4.0.0
847 silly packumentCache full:https://registry.npmjs.org/escape-string-regexp cache-miss
848 http fetch GET 200 https://registry.npmjs.org/escape-string-regexp 91ms (cache miss)
849 silly packumentCache full:https://registry.npmjs.org/escape-string-regexp set size:undefined disposed:false
850 silly fetch manifest @babel/helper-module-imports@^7.16.7
851 silly packumentCache full:https://registry.npmjs.org/@babel%2fhelper-module-imports cache-miss
852 http fetch GET 200 https://registry.npmjs.org/babel-plugin-macros 353ms (cache miss)
853 silly packumentCache full:https://registry.npmjs.org/babel-plugin-macros set size:undefined disposed:false
854 silly fetch manifest @emotion/sheet@^1.4.0
855 silly packumentCache full:https://registry.npmjs.org/@emotion%2fsheet cache-miss
856 http fetch GET 200 https://registry.npmjs.org/@emotion%2fmemoize 794ms (cache miss)
857 silly packumentCache full:https://registry.npmjs.org/@emotion%2fmemoize set size:undefined disposed:false
858 silly fetch manifest csstype@^3.0.2
859 silly packumentCache full:https://registry.npmjs.org/csstype cache-miss
860 http cache https://registry.npmjs.org/csstype 16ms (cache hit)
861 silly packumentCache full:https://registry.npmjs.org/csstype set size:274189 disposed:false
862 silly fetch manifest @emotion/unitless@^0.10.0
863 silly packumentCache full:https://registry.npmjs.org/@emotion%2funitless cache-miss
864 http fetch GET 200 https://registry.npmjs.org/@babel%2fhelper-module-imports 117ms (cache miss)
865 silly packumentCache full:https://registry.npmjs.org/@babel%2fhelper-module-imports set size:undefined disposed:false
866 silly fetch manifest react-is@^16.7.0
867 silly packumentCache full:https://registry.npmjs.org/react-is cache-miss
868 http cache https://registry.npmjs.org/react-is 37ms (cache hit)
869 silly packumentCache full:https://registry.npmjs.org/react-is set size:5411457 disposed:false
870 http fetch GET 200 https://registry.npmjs.org/@emotion%2funitless 566ms (cache miss)
871 silly packumentCache full:https://registry.npmjs.org/@emotion%2funitless set size:undefined disposed:false
872 http fetch GET 200 https://registry.npmjs.org/@emotion%2fsheet 809ms (cache miss)
873 silly packumentCache full:https://registry.npmjs.org/@emotion%2fsheet set size:undefined disposed:false
874 silly placeDep ROOT @babel/helper-module-imports@7.29.7 OK for: @emotion/babel-plugin@11.13.5 want: ^7.16.7
875 silly placeDep ROOT @emotion/hash@0.9.2 OK for: @emotion/babel-plugin@11.13.5 want: ^0.9.2
876 silly placeDep ROOT @emotion/memoize@0.9.0 OK for: @emotion/babel-plugin@11.13.5 want: ^0.9.0
877 silly placeDep ROOT babel-plugin-macros@3.1.0 OK for: @emotion/babel-plugin@11.13.5 want: ^3.1.0
878 silly placeDep ROOT convert-source-map@1.9.0 OK for: @emotion/babel-plugin@11.13.5 want: ^1.5.0
879 silly placeDep ROOT escape-string-regexp@4.0.0 OK for: @emotion/babel-plugin@11.13.5 want: ^4.0.0
880 silly placeDep ROOT find-root@1.1.0 OK for: @emotion/babel-plugin@11.13.5 want: ^1.1.0
881 silly placeDep ROOT source-map@0.5.7 OK for: @emotion/babel-plugin@11.13.5 want: ^0.5.7
882 silly placeDep ROOT stylis@4.2.0 OK for: @emotion/babel-plugin@11.13.5 want: 4.2.0
883 silly fetch manifest @babel/traverse@^7.29.7
884 silly packumentCache full:https://registry.npmjs.org/@babel%2ftraverse cache-miss
885 silly fetch manifest @babel/types@^7.29.7
886 silly packumentCache full:https://registry.npmjs.org/@babel%2ftypes cache-miss
887 silly fetch manifest cosmiconfig@^7.0.0
888 silly packumentCache full:https://registry.npmjs.org/cosmiconfig cache-miss
889 http fetch GET 200 https://registry.npmjs.org/cosmiconfig 92ms (cache miss)
890 silly packumentCache full:https://registry.npmjs.org/cosmiconfig set size:undefined disposed:false
891 silly fetch manifest resolve@^1.19.0
892 silly packumentCache full:https://registry.npmjs.org/resolve cache-miss
893 http fetch GET 200 https://registry.npmjs.org/resolve 120ms (cache miss)
894 silly packumentCache full:https://registry.npmjs.org/resolve set size:undefined disposed:false
895 http fetch GET 200 https://registry.npmjs.org/@babel%2ftraverse 433ms (cache miss)
896 silly packumentCache full:https://registry.npmjs.org/@babel%2ftraverse set size:undefined disposed:false
897 http fetch GET 200 https://registry.npmjs.org/@babel%2ftypes 643ms (cache miss)
898 silly packumentCache full:https://registry.npmjs.org/@babel%2ftypes set size:undefined disposed:false
899 silly placeDep ROOT @babel/traverse@7.29.7 OK for: @babel/helper-module-imports@7.29.7 want: ^7.29.7
900 silly placeDep ROOT @babel/types@7.29.7 OK for: @babel/helper-module-imports@7.29.7 want: ^7.29.7
901 silly fetch manifest @babel/code-frame@^7.29.7
902 silly packumentCache full:https://registry.npmjs.org/@babel%2fcode-frame cache-miss
903 silly fetch manifest @babel/generator@^7.29.7
904 silly packumentCache full:https://registry.npmjs.org/@babel%2fgenerator cache-miss
905 silly fetch manifest @babel/helper-globals@^7.29.7
906 silly packumentCache full:https://registry.npmjs.org/@babel%2fhelper-globals cache-miss
907 http fetch GET 200 https://registry.npmjs.org/@babel%2fcode-frame 150ms (cache miss)
908 silly packumentCache full:https://registry.npmjs.org/@babel%2fcode-frame set size:undefined disposed:false
909 silly fetch manifest @babel/parser@^7.29.7
910 silly packumentCache full:https://registry.npmjs.org/@babel%2fparser cache-miss
911 http fetch GET 200 https://registry.npmjs.org/@babel%2fgenerator 225ms (cache miss)
912 silly packumentCache full:https://registry.npmjs.org/@babel%2fgenerator set size:undefined disposed:false
913 silly fetch manifest @babel/template@^7.29.7
914 silly packumentCache full:https://registry.npmjs.org/@babel%2ftemplate cache-miss
915 http fetch GET 200 https://registry.npmjs.org/@babel%2fhelper-globals 367ms (cache miss)
916 silly packumentCache full:https://registry.npmjs.org/@babel%2fhelper-globals set size:undefined disposed:false
917 silly fetch manifest debug@^4.3.1
918 silly packumentCache full:https://registry.npmjs.org/debug cache-miss
919 http fetch GET 200 https://registry.npmjs.org/debug 117ms (cache miss)
920 silly packumentCache full:https://registry.npmjs.org/debug set size:undefined disposed:false
921 silly fetch manifest @babel/helper-string-parser@^7.29.7
922 silly packumentCache full:https://registry.npmjs.org/@babel%2fhelper-string-parser cache-miss
923 http fetch GET 200 https://registry.npmjs.org/@babel%2fparser 357ms (cache miss)
924 silly packumentCache full:https://registry.npmjs.org/@babel%2fparser set size:undefined disposed:false
925 silly fetch manifest @babel/helper-validator-identifier@^7.29.7
926 silly packumentCache full:https://registry.npmjs.org/@babel%2fhelper-validator-identifier cache-miss
927 http fetch GET 200 https://registry.npmjs.org/@babel%2fhelper-string-parser 73ms (cache miss)
928 silly packumentCache full:https://registry.npmjs.org/@babel%2fhelper-string-parser set size:undefined disposed:false
929 http fetch GET 200 https://registry.npmjs.org/@babel%2ftemplate 371ms (cache miss)
930 silly packumentCache full:https://registry.npmjs.org/@babel%2ftemplate set size:undefined disposed:false
931 http fetch GET 200 https://registry.npmjs.org/@babel%2fhelper-validator-identifier 85ms (cache miss)
932 silly packumentCache full:https://registry.npmjs.org/@babel%2fhelper-validator-identifier set size:undefined disposed:false
933 silly placeDep ROOT @babel/code-frame@7.29.7 OK for: @babel/traverse@7.29.7 want: ^7.29.7
934 silly placeDep ROOT @babel/generator@7.29.7 OK for: @babel/traverse@7.29.7 want: ^7.29.7
935 silly placeDep ROOT @babel/helper-globals@7.29.7 OK for: @babel/traverse@7.29.7 want: ^7.29.7
936 silly placeDep ROOT @babel/parser@7.29.7 OK for: @babel/traverse@7.29.7 want: ^7.29.7
937 silly placeDep ROOT @babel/template@7.29.7 OK for: @babel/traverse@7.29.7 want: ^7.29.7
938 silly placeDep ROOT debug@4.4.3 OK for: @babel/traverse@7.29.7 want: ^4.3.1
939 silly fetch manifest js-tokens@^4.0.0
940 silly packumentCache full:https://registry.npmjs.org/js-tokens cache-miss
941 silly fetch manifest picocolors@^1.1.1
942 silly packumentCache full:https://registry.npmjs.org/picocolors cache-miss
943 silly fetch manifest @jridgewell/gen-mapping@^0.3.12
944 silly packumentCache full:https://registry.npmjs.org/@jridgewell%2fgen-mapping cache-miss
945 http fetch GET 200 https://registry.npmjs.org/picocolors 95ms (cache miss)
946 silly packumentCache full:https://registry.npmjs.org/picocolors set size:undefined disposed:false
947 silly fetch manifest @jridgewell/trace-mapping@^0.3.28
948 silly packumentCache full:https://registry.npmjs.org/@jridgewell%2ftrace-mapping cache-miss
949 http fetch GET 200 https://registry.npmjs.org/js-tokens 101ms (cache miss)
950 silly packumentCache full:https://registry.npmjs.org/js-tokens set size:undefined disposed:false
951 silly fetch manifest jsesc@^3.0.2
952 silly packumentCache full:https://registry.npmjs.org/jsesc cache-miss
953 http fetch GET 200 https://registry.npmjs.org/@jridgewell%2fgen-mapping 108ms (cache miss)
954 silly packumentCache full:https://registry.npmjs.org/@jridgewell%2fgen-mapping set size:undefined disposed:false
955 silly fetch manifest ms@^2.1.3
956 silly packumentCache full:https://registry.npmjs.org/ms cache-miss
957 http fetch GET 200 https://registry.npmjs.org/jsesc 82ms (cache miss)
958 silly packumentCache full:https://registry.npmjs.org/jsesc set size:undefined disposed:false
959 http fetch GET 200 https://registry.npmjs.org/ms 94ms (cache miss)
960 silly packumentCache full:https://registry.npmjs.org/ms set size:undefined disposed:false
961 http fetch GET 200 https://registry.npmjs.org/@jridgewell%2ftrace-mapping 114ms (cache miss)
962 silly packumentCache full:https://registry.npmjs.org/@jridgewell%2ftrace-mapping set size:undefined disposed:false
963 silly placeDep ROOT @babel/helper-validator-identifier@7.29.7 OK for: @babel/code-frame@7.29.7 want: ^7.29.7
964 silly placeDep ROOT js-tokens@4.0.0 OK for: @babel/code-frame@7.29.7 want: ^4.0.0
965 silly placeDep ROOT picocolors@1.1.1 OK for: @babel/code-frame@7.29.7 want: ^1.1.1
966 silly placeDep ROOT @jridgewell/gen-mapping@0.3.13 OK for: @babel/generator@7.29.7 want: ^0.3.12
967 silly placeDep ROOT @jridgewell/trace-mapping@0.3.31 OK for: @babel/generator@7.29.7 want: ^0.3.28
968 silly placeDep ROOT jsesc@3.1.0 OK for: @babel/generator@7.29.7 want: ^3.0.2
969 silly fetch manifest @jridgewell/trace-mapping@^0.3.24
970 silly packumentCache full:https://registry.npmjs.org/@jridgewell%2ftrace-mapping cache-miss
971 silly fetch manifest @jridgewell/sourcemap-codec@^1.5.0
972 silly packumentCache full:https://registry.npmjs.org/@jridgewell%2fsourcemap-codec cache-miss
973 silly fetch manifest @jridgewell/resolve-uri@^3.1.0
974 silly packumentCache full:https://registry.npmjs.org/@jridgewell%2fresolve-uri cache-miss
975 http cache https://registry.npmjs.org/@jridgewell%2ftrace-mapping 14ms (cache hit)
976 silly packumentCache full:https://registry.npmjs.org/@jridgewell%2ftrace-mapping set size:170909 disposed:false
977 silly fetch manifest @jridgewell/sourcemap-codec@^1.4.14
978 silly packumentCache full:https://registry.npmjs.org/@jridgewell%2fsourcemap-codec cache-miss
979 http fetch GET 200 https://registry.npmjs.org/@jridgewell%2fsourcemap-codec 81ms (cache miss)
980 silly packumentCache full:https://registry.npmjs.org/@jridgewell%2fsourcemap-codec set size:undefined disposed:false
981 http fetch GET 200 https://registry.npmjs.org/@jridgewell%2fresolve-uri 91ms (cache miss)
982 silly packumentCache full:https://registry.npmjs.org/@jridgewell%2fresolve-uri set size:undefined disposed:false
983 http fetch GET 200 https://registry.npmjs.org/@jridgewell%2fsourcemap-codec 102ms (cache miss)
984 silly packumentCache full:https://registry.npmjs.org/@jridgewell%2fsourcemap-codec set size:undefined disposed:false
985 silly placeDep ROOT @babel/helper-string-parser@7.29.7 OK for: @babel/types@7.29.7 want: ^7.29.7
986 silly placeDep ROOT @emotion/sheet@1.4.0 OK for: @emotion/cache@11.14.0 want: ^1.4.0
987 silly placeDep ROOT @emotion/unitless@0.10.0 OK for: @emotion/serialize@1.3.3 want: ^0.10.0
988 silly placeDep ROOT csstype@3.2.3 OK for: @emotion/serialize@1.3.3 want: ^3.0.2
989 silly placeDep ROOT @emotion/is-prop-valid@1.4.0 OK for: @emotion/styled@11.14.1 want: ^1.3.0
990 silly placeDep ROOT @jridgewell/sourcemap-codec@1.5.5 OK for: @jridgewell/gen-mapping@0.3.13 want: ^1.5.0
991 silly placeDep ROOT @jridgewell/resolve-uri@3.1.2 OK for: @jridgewell/trace-mapping@0.3.31 want: ^3.1.0
992 silly fetch manifest react@^17.0.0 || ^18.0.0 || ^19.0.0
993 silly packumentCache full:https://registry.npmjs.org/react cache-miss
994 http cache https://registry.npmjs.org/react 35ms (cache hit)
995 silly packumentCache full:https://registry.npmjs.org/react set size:6688498 disposed:false
996 silly fetch manifest @emotion/react@^11.5.0
997 silly packumentCache full:https://registry.npmjs.org/@emotion%2freact cache-miss
998 http cache https://registry.npmjs.org/@emotion%2freact 10ms (cache hit)
999 silly packumentCache full:https://registry.npmjs.org/@emotion%2freact set size:196423 disposed:false
1000 silly fetch manifest @emotion/styled@^11.3.0
1001 silly packumentCache full:https://registry.npmjs.org/@emotion%2fstyled cache-miss
1002 http cache https://registry.npmjs.org/@emotion%2fstyled 9ms (cache hit)
1003 silly packumentCache full:https://registry.npmjs.org/@emotion%2fstyled set size:286272 disposed:false
1004 silly fetch manifest react-dom@^17.0.0 || ^18.0.0 || ^19.0.0
1005 silly packumentCache full:https://registry.npmjs.org/react-dom cache-miss
1006 http cache https://registry.npmjs.org/react-dom 77ms (cache hit)
1007 silly packumentCache full:https://registry.npmjs.org/react-dom set size:8930276 disposed:false
1008 silly placeDep ROOT @mui/core-downloads-tracker@7.3.11 OK for: @mui/material@7.3.5 want: ^7.3.5
1009 silly placeDep ROOT @mui/system@7.3.11 OK for: @mui/material@7.3.5 want: ^7.3.5
1010 silly placeDep ROOT @mui/types@7.4.12 OK for: @mui/material@7.3.5 want: ^7.4.8
1011 silly placeDep ROOT @mui/utils@7.3.11 OK for: @mui/material@7.3.5 want: ^7.3.5
1012 silly placeDep ROOT @types/react-transition-group@4.4.12 OK for: @mui/material@7.3.5 want: ^4.4.12
1013 silly placeDep ROOT @types/react@19.2.17 OK for: @types/react-transition-group@4.4.12 want: *
1014 silly placeDep ROOT prop-types@15.8.1 OK for: @mui/material@7.3.5 want: ^15.8.1
1015 silly placeDep ROOT react-is@19.2.7 OK for: @mui/material@7.3.5 want: ^19.2.0
1016 silly placeDep ROOT react-transition-group@4.4.5 OK for: @mui/material@7.3.5 want: ^4.4.5
1017 silly fetch manifest @mui/types@^7.4.12
1018 silly packumentCache full:https://registry.npmjs.org/@mui%2ftypes cache-miss
1019 silly fetch manifest @mui/utils@^7.3.11
1020 silly packumentCache full:https://registry.npmjs.org/@mui%2futils cache-miss
1021 silly fetch manifest @mui/styled-engine@^7.3.10
1022 silly packumentCache full:https://registry.npmjs.org/@mui%2fstyled-engine cache-miss
1023 http cache https://registry.npmjs.org/@mui%2ftypes 53ms (cache hit)
1024 silly packumentCache full:https://registry.npmjs.org/@mui%2ftypes set size:146966 disposed:false
1025 silly fetch manifest @mui/private-theming@^7.3.11
1026 silly packumentCache full:https://registry.npmjs.org/@mui%2fprivate-theming cache-miss
1027 http cache https://registry.npmjs.org/@mui%2futils 64ms (cache hit)
1028 silly packumentCache full:https://registry.npmjs.org/@mui%2futils set size:598596 disposed:false
1029 silly fetch manifest react-is@^19.2.3
1030 silly packumentCache full:https://registry.npmjs.org/react-is cache-miss
1031 http cache https://registry.npmjs.org/react-is 34ms (cache hit)
1032 silly packumentCache full:https://registry.npmjs.org/react-is set size:5411457 disposed:false
1033 silly fetch manifest @types/prop-types@^15.7.15
1034 silly packumentCache full:https://registry.npmjs.org/@types%2fprop-types cache-miss
1035 http fetch GET 200 https://registry.npmjs.org/@types%2fprop-types 85ms (cache miss)
1036 silly packumentCache full:https://registry.npmjs.org/@types%2fprop-types set size:undefined disposed:false
1037 silly fetch manifest loose-envify@^1.4.0
1038 silly packumentCache full:https://registry.npmjs.org/loose-envify cache-miss
1039 http cache https://registry.npmjs.org/loose-envify 8ms (cache hit)
1040 silly packumentCache full:https://registry.npmjs.org/loose-envify set size:12559 disposed:false
1041 silly fetch manifest object-assign@^4.1.1
1042 silly packumentCache full:https://registry.npmjs.org/object-assign cache-miss
1043 http fetch GET 200 https://registry.npmjs.org/object-assign 56ms (cache miss)
1044 silly packumentCache full:https://registry.npmjs.org/object-assign set size:undefined disposed:false
1045 silly fetch manifest react-is@^16.13.1
1046 silly packumentCache full:https://registry.npmjs.org/react-is cache-miss
1047 http cache https://registry.npmjs.org/react-is 37ms (cache hit)
1048 silly packumentCache full:https://registry.npmjs.org/react-is set size:5411457 disposed:false
1049 silly fetch manifest dom-helpers@^5.0.1
1050 silly packumentCache full:https://registry.npmjs.org/dom-helpers cache-miss
1051 http fetch GET 200 https://registry.npmjs.org/dom-helpers 341ms (cache miss)
1052 silly packumentCache full:https://registry.npmjs.org/dom-helpers set size:undefined disposed:false
1053 http fetch GET 200 https://registry.npmjs.org/@mui%2fstyled-engine 839ms (cache miss)
1054 silly packumentCache full:https://registry.npmjs.org/@mui%2fstyled-engine set size:undefined disposed:false
1055 http fetch GET 200 https://registry.npmjs.org/@mui%2fprivate-theming 958ms (cache miss)
1056 silly packumentCache full:https://registry.npmjs.org/@mui%2fprivate-theming set size:undefined disposed:false
1057 silly placeDep ROOT @mui/private-theming@7.3.11 OK for: @mui/system@7.3.11 want: ^7.3.11
1058 silly placeDep ROOT @mui/styled-engine@7.3.10 OK for: @mui/system@7.3.11 want: ^7.3.10
1059 silly placeDep ROOT @types/prop-types@15.7.15 OK for: @mui/utils@7.3.11 want: ^15.7.15
1060 silly fetch manifest react@^16.8 || ^17.0 || ^18.0 || ^19.0 || ^19.0.0-rc
1061 silly packumentCache full:https://registry.npmjs.org/react cache-miss
1062 http cache https://registry.npmjs.org/react 33ms (cache hit)
1063 silly packumentCache full:https://registry.npmjs.org/react set size:6688498 disposed:false
1064 silly fetch manifest react-dom@^16.8 || ^17.0 || ^18.0 || ^19.0 || ^19.0.0-rc
1065 silly packumentCache full:https://registry.npmjs.org/react-dom cache-miss
1066 http cache https://registry.npmjs.org/react-dom 39ms (cache hit)
1067 silly packumentCache full:https://registry.npmjs.org/react-dom set size:8930276 disposed:false
1068 silly placeDep ROOT @radix-ui/primitive@1.1.1 OK for: @radix-ui/react-accordion@1.2.3 want: 1.1.1
1069 silly placeDep ROOT @radix-ui/react-collection@1.1.2 OK for: @radix-ui/react-accordion@1.2.3 want: 1.1.2
1070 silly placeDep ROOT @radix-ui/react-compose-refs@1.1.1 OK for: @radix-ui/react-accordion@1.2.3 want: 1.1.1
1071 silly placeDep ROOT @radix-ui/react-context@1.1.1 OK for: @radix-ui/react-accordion@1.2.3 want: 1.1.1
1072 silly placeDep ROOT @radix-ui/react-direction@1.1.0 OK for: @radix-ui/react-accordion@1.2.3 want: 1.1.0
1073 silly placeDep ROOT @radix-ui/react-id@1.1.0 OK for: @radix-ui/react-accordion@1.2.3 want: 1.1.0
1074 silly placeDep ROOT @radix-ui/react-primitive@2.0.2 OK for: @radix-ui/react-accordion@1.2.3 want: 2.0.2
1075 silly placeDep ROOT @radix-ui/react-use-controllable-state@1.1.0 OK for: @radix-ui/react-accordion@1.2.3 want: 1.1.0
1076 silly placeDep ROOT @radix-ui/react-use-callback-ref@1.1.0 OK for: @radix-ui/react-avatar@1.1.3 want: 1.1.0
1077 silly placeDep ROOT @radix-ui/react-use-layout-effect@1.1.0 OK for: @radix-ui/react-avatar@1.1.3 want: 1.1.0
1078 silly placeDep ROOT @radix-ui/react-presence@1.1.2 OK for: @radix-ui/react-checkbox@1.1.4 want: 1.1.2
1079 silly placeDep ROOT @radix-ui/react-use-previous@1.1.0 OK for: @radix-ui/react-checkbox@1.1.4 want: 1.1.0
1080 silly placeDep ROOT @radix-ui/react-use-size@1.1.0 OK for: @radix-ui/react-checkbox@1.1.4 want: 1.1.0
1081 silly placeDep ROOT @radix-ui/react-menu@2.1.6 OK for: @radix-ui/react-context-menu@2.2.6 want: 2.1.6
1082 silly placeDep ROOT @radix-ui/react-dismissable-layer@1.1.5 OK for: @radix-ui/react-dialog@1.1.6 want: 1.1.5
1083 silly placeDep ROOT @radix-ui/react-focus-guards@1.1.1 OK for: @radix-ui/react-dialog@1.1.6 want: 1.1.1
1084 silly placeDep ROOT @radix-ui/react-focus-scope@1.1.2 OK for: @radix-ui/react-dialog@1.1.6 want: 1.1.2
1085 silly placeDep ROOT @radix-ui/react-portal@1.1.4 OK for: @radix-ui/react-dialog@1.1.6 want: 1.1.4
1086 silly placeDep ROOT aria-hidden@1.2.6 OK for: @radix-ui/react-dialog@1.1.6 want: ^1.2.4
1087 silly placeDep ROOT react-remove-scroll@2.7.2 OK for: @radix-ui/react-dialog@1.1.6 want: ^2.6.3
1088 silly fetch manifest @radix-ui/react-use-escape-keydown@1.1.0
1089 silly packumentCache full:https://registry.npmjs.org/@radix-ui%2freact-use-escape-keydown cache-miss
1090 silly fetch manifest tslib@^2.0.0
1091 silly packumentCache full:https://registry.npmjs.org/tslib cache-miss
1092 silly fetch manifest react-remove-scroll-bar@^2.3.7
1093 silly packumentCache full:https://registry.npmjs.org/react-remove-scroll-bar cache-miss
1094 http cache https://registry.npmjs.org/tslib 12ms (cache hit)
1095 silly packumentCache full:https://registry.npmjs.org/tslib set size:108760 disposed:false
1096 silly fetch manifest react-style-singleton@^2.2.3
1097 silly packumentCache full:https://registry.npmjs.org/react-style-singleton cache-miss
1098 http fetch GET 200 https://registry.npmjs.org/react-style-singleton 88ms (cache miss)
1099 silly packumentCache full:https://registry.npmjs.org/react-style-singleton set size:undefined disposed:false
1100 silly fetch manifest tslib@^2.1.0
1101 silly packumentCache full:https://registry.npmjs.org/tslib cache-hit
1102 silly fetch manifest use-callback-ref@^1.3.3
1103 silly packumentCache full:https://registry.npmjs.org/use-callback-ref cache-miss
1104 http fetch GET 200 https://registry.npmjs.org/@radix-ui%2freact-use-escape-keydown 144ms (cache miss)
1105 silly packumentCache full:https://registry.npmjs.org/@radix-ui%2freact-use-escape-keydown set size:undefined disposed:false
1106 silly fetch manifest use-sidecar@^1.1.3
1107 silly packumentCache full:https://registry.npmjs.org/use-sidecar cache-miss
1108 http fetch GET 200 https://registry.npmjs.org/use-callback-ref 85ms (cache miss)
1109 silly packumentCache full:https://registry.npmjs.org/use-callback-ref set size:undefined disposed:false
1110 http fetch GET 200 https://registry.npmjs.org/react-remove-scroll-bar 360ms (cache miss)
1111 silly packumentCache full:https://registry.npmjs.org/react-remove-scroll-bar set size:undefined disposed:false
1112 http fetch GET 200 https://registry.npmjs.org/use-sidecar 394ms (cache miss)
1113 silly packumentCache full:https://registry.npmjs.org/use-sidecar set size:undefined disposed:false
1114 silly placeDep ROOT @radix-ui/react-use-escape-keydown@1.1.0 OK for: @radix-ui/react-dismissable-layer@1.1.5 want: 1.1.0
1115 silly placeDep ROOT @radix-ui/react-popper@1.2.2 OK for: @radix-ui/react-hover-card@1.1.6 want: 1.2.2
1116 silly fetch manifest @radix-ui/rect@1.1.0
1117 silly packumentCache full:https://registry.npmjs.org/@radix-ui%2frect cache-miss
1118 silly fetch manifest @radix-ui/react-arrow@1.1.2
1119 silly packumentCache full:https://registry.npmjs.org/@radix-ui%2freact-arrow cache-miss
1120 silly fetch manifest @floating-ui/react-dom@^2.0.0
1121 silly packumentCache full:https://registry.npmjs.org/@floating-ui%2freact-dom cache-miss
1122 http fetch GET 200 https://registry.npmjs.org/@radix-ui%2frect 110ms (cache miss)
1123 silly packumentCache full:https://registry.npmjs.org/@radix-ui%2frect set size:undefined disposed:false
1124 silly fetch manifest @radix-ui/react-use-rect@1.1.0
1125 silly packumentCache full:https://registry.npmjs.org/@radix-ui%2freact-use-rect cache-miss
1126 http fetch GET 200 https://registry.npmjs.org/@radix-ui%2freact-use-rect 133ms (cache miss)
1127 silly packumentCache full:https://registry.npmjs.org/@radix-ui%2freact-use-rect set size:undefined disposed:false
1128 http fetch GET 200 https://registry.npmjs.org/@radix-ui%2freact-arrow 403ms (cache miss)
1129 silly packumentCache full:https://registry.npmjs.org/@radix-ui%2freact-arrow set size:undefined disposed:false
1130 http fetch GET 200 https://registry.npmjs.org/@floating-ui%2freact-dom 600ms (cache miss)
1131 silly packumentCache full:https://registry.npmjs.org/@floating-ui%2freact-dom set size:undefined disposed:false
1132 silly placeDep ROOT @radix-ui/react-roving-focus@1.1.2 OK for: @radix-ui/react-menu@2.1.6 want: 1.1.2
1133 silly placeDep ROOT @radix-ui/react-visually-hidden@1.1.2 OK for: @radix-ui/react-navigation-menu@1.2.5 want: 1.1.2
1134 silly placeDep ROOT @floating-ui/react-dom@2.1.8 OK for: @radix-ui/react-popper@1.2.2 want: ^2.0.0
1135 silly placeDep ROOT @radix-ui/react-arrow@1.1.2 OK for: @radix-ui/react-popper@1.2.2 want: 1.1.2
1136 silly placeDep ROOT @radix-ui/react-use-rect@1.1.0 OK for: @radix-ui/react-popper@1.2.2 want: 1.1.0
1137 silly placeDep ROOT @radix-ui/rect@1.1.0 OK for: @radix-ui/react-popper@1.2.2 want: 1.1.0
1138 silly fetch manifest @floating-ui/dom@^1.7.6
1139 silly packumentCache full:https://registry.npmjs.org/@floating-ui%2fdom cache-miss
1140 http fetch GET 200 https://registry.npmjs.org/@floating-ui%2fdom 878ms (cache miss)
1141 silly packumentCache full:https://registry.npmjs.org/@floating-ui%2fdom set size:undefined disposed:false
1142 silly placeDep ROOT @floating-ui/dom@1.7.6 OK for: @floating-ui/react-dom@2.1.8 want: ^1.7.6
1143 silly fetch manifest @floating-ui/core@^1.7.5
1144 silly packumentCache full:https://registry.npmjs.org/@floating-ui%2fcore cache-miss
1145 silly fetch manifest @floating-ui/utils@^0.2.11
1146 silly packumentCache full:https://registry.npmjs.org/@floating-ui%2futils cache-miss
1147 http fetch GET 200 https://registry.npmjs.org/@floating-ui%2fcore 606ms (cache miss)
1148 silly packumentCache full:https://registry.npmjs.org/@floating-ui%2fcore set size:undefined disposed:false
1149 http fetch GET 200 https://registry.npmjs.org/@floating-ui%2futils 811ms (cache miss)
1150 silly packumentCache full:https://registry.npmjs.org/@floating-ui%2futils set size:undefined disposed:false
1151 silly placeDep ROOT @floating-ui/core@1.7.5 OK for: @floating-ui/dom@1.7.6 want: ^1.7.5
1152 silly placeDep ROOT @floating-ui/utils@0.2.11 OK for: @floating-ui/dom@1.7.6 want: ^0.2.11
1153 silly placeDep ROOT @radix-ui/number@1.1.0 OK for: @radix-ui/react-scroll-area@1.2.3 want: 1.1.0
1154 silly placeDep ROOT @tailwindcss/node@4.1.12 OK for: @tailwindcss/vite@4.1.12 want: 4.1.12
1155 silly placeDep ROOT @tailwindcss/oxide@4.1.12 OK for: @tailwindcss/vite@4.1.12 want: 4.1.12
1156 silly fetch manifest jiti@^2.5.1
1157 silly packumentCache full:https://registry.npmjs.org/jiti cache-miss
1158 silly fetch manifest lightningcss@1.30.1
1159 silly packumentCache full:https://registry.npmjs.org/lightningcss cache-miss
1160 silly fetch manifest magic-string@^0.30.17
1161 silly packumentCache full:https://registry.npmjs.org/magic-string cache-miss
1162 http cache https://registry.npmjs.org/lightningcss 16ms (cache hit)
1163 silly packumentCache full:https://registry.npmjs.org/lightningcss set size:186753 disposed:false
1164 silly fetch manifest source-map-js@^1.2.1
1165 silly packumentCache full:https://registry.npmjs.org/source-map-js cache-miss
1166 http cache https://registry.npmjs.org/jiti 25ms (cache hit)
1167 silly packumentCache full:https://registry.npmjs.org/jiti set size:387989 disposed:false
1168 silly fetch manifest enhanced-resolve@^5.18.3
1169 silly packumentCache full:https://registry.npmjs.org/enhanced-resolve cache-miss
1170 http fetch GET 200 https://registry.npmjs.org/source-map-js 87ms (cache miss)
1171 silly packumentCache full:https://registry.npmjs.org/source-map-js set size:undefined disposed:false
1172 silly fetch manifest @jridgewell/remapping@^2.3.4
1173 silly packumentCache full:https://registry.npmjs.org/@jridgewell%2fremapping cache-miss
1174 http fetch GET 200 https://registry.npmjs.org/magic-string 131ms (cache miss)
1175 silly packumentCache full:https://registry.npmjs.org/magic-string set size:undefined disposed:false
1176 silly fetch manifest tar@^7.4.3
1177 silly packumentCache full:https://registry.npmjs.org/tar cache-miss
1178 http fetch GET 200 https://registry.npmjs.org/enhanced-resolve 154ms (cache miss)
1179 silly packumentCache full:https://registry.npmjs.org/enhanced-resolve set size:undefined disposed:false
1180 silly fetch manifest detect-libc@^2.0.4
1181 silly packumentCache full:https://registry.npmjs.org/detect-libc cache-miss
1182 http fetch GET 200 https://registry.npmjs.org/@jridgewell%2fremapping 90ms (cache miss)
1183 silly packumentCache full:https://registry.npmjs.org/@jridgewell%2fremapping set size:undefined disposed:false
1184 silly fetch manifest @tailwindcss/oxide-darwin-x64@4.1.12
1185 silly packumentCache full:https://registry.npmjs.org/@tailwindcss%2foxide-darwin-x64 cache-miss
1186 http fetch GET 200 https://registry.npmjs.org/tar 150ms (cache miss)
1187 silly packumentCache full:https://registry.npmjs.org/tar set size:undefined disposed:false
1188 silly fetch manifest @tailwindcss/oxide-freebsd-x64@4.1.12
1189 silly packumentCache full:https://registry.npmjs.org/@tailwindcss%2foxide-freebsd-x64 cache-miss
1190 http fetch GET 200 https://registry.npmjs.org/detect-libc 104ms (cache miss)
1191 silly packumentCache full:https://registry.npmjs.org/detect-libc set size:undefined disposed:false
1192 silly fetch manifest @tailwindcss/oxide-wasm32-wasi@4.1.12
1193 silly packumentCache full:https://registry.npmjs.org/@tailwindcss%2foxide-wasm32-wasi cache-miss
1194 http fetch GET 200 https://registry.npmjs.org/@tailwindcss%2foxide-freebsd-x64 668ms (cache miss)
1195 silly packumentCache full:https://registry.npmjs.org/@tailwindcss%2foxide-freebsd-x64 set size:undefined disposed:false
1196 silly fetch manifest @tailwindcss/oxide-darwin-arm64@4.1.12
1197 silly packumentCache full:https://registry.npmjs.org/@tailwindcss%2foxide-darwin-arm64 cache-miss
1198 http fetch GET 200 https://registry.npmjs.org/@tailwindcss%2foxide-wasm32-wasi 934ms (cache miss)
1199 silly packumentCache full:https://registry.npmjs.org/@tailwindcss%2foxide-wasm32-wasi set size:undefined disposed:false
1200 silly fetch manifest @tailwindcss/oxide-android-arm64@4.1.12
1201 silly packumentCache full:https://registry.npmjs.org/@tailwindcss%2foxide-android-arm64 cache-miss
1202 http fetch GET 200 https://registry.npmjs.org/@tailwindcss%2foxide-darwin-x64 1211ms (cache miss)
1203 silly packumentCache full:https://registry.npmjs.org/@tailwindcss%2foxide-darwin-x64 set size:undefined disposed:false
1204 silly fetch manifest @tailwindcss/oxide-linux-x64-gnu@4.1.12
1205 silly packumentCache full:https://registry.npmjs.org/@tailwindcss%2foxide-linux-x64-gnu cache-miss
1206 http fetch GET 200 https://registry.npmjs.org/@tailwindcss%2foxide-darwin-arm64 847ms (cache miss)
1207 silly packumentCache full:https://registry.npmjs.org/@tailwindcss%2foxide-darwin-arm64 set size:undefined disposed:false
1208 silly fetch manifest @tailwindcss/oxide-linux-x64-musl@4.1.12
1209 silly packumentCache full:https://registry.npmjs.org/@tailwindcss%2foxide-linux-x64-musl cache-miss
1210 http fetch GET 200 https://registry.npmjs.org/@tailwindcss%2foxide-android-arm64 784ms (cache miss)
1211 silly packumentCache full:https://registry.npmjs.org/@tailwindcss%2foxide-android-arm64 set size:undefined disposed:false
1212 silly fetch manifest @tailwindcss/oxide-win32-x64-msvc@4.1.12
1213 silly packumentCache full:https://registry.npmjs.org/@tailwindcss%2foxide-win32-x64-msvc cache-miss
1214 http fetch GET 200 https://registry.npmjs.org/@tailwindcss%2foxide-linux-x64-gnu 886ms (cache miss)
1215 silly packumentCache full:https://registry.npmjs.org/@tailwindcss%2foxide-linux-x64-gnu set size:undefined disposed:false
1216 silly fetch manifest @tailwindcss/oxide-linux-arm64-gnu@4.1.12
1217 silly packumentCache full:https://registry.npmjs.org/@tailwindcss%2foxide-linux-arm64-gnu cache-miss
1218 http fetch GET 200 https://registry.npmjs.org/@tailwindcss%2foxide-linux-x64-musl 933ms (cache miss)
1219 silly packumentCache full:https://registry.npmjs.org/@tailwindcss%2foxide-linux-x64-musl set size:undefined disposed:false
1220 silly fetch manifest @tailwindcss/oxide-linux-arm64-musl@4.1.12
1221 silly packumentCache full:https://registry.npmjs.org/@tailwindcss%2foxide-linux-arm64-musl cache-miss
1222 http fetch GET 200 https://registry.npmjs.org/@tailwindcss%2foxide-win32-x64-msvc 844ms (cache miss)
1223 silly packumentCache full:https://registry.npmjs.org/@tailwindcss%2foxide-win32-x64-msvc set size:undefined disposed:false
1224 silly fetch manifest @tailwindcss/oxide-win32-arm64-msvc@4.1.12
1225 silly packumentCache full:https://registry.npmjs.org/@tailwindcss%2foxide-win32-arm64-msvc cache-miss
1226 http fetch GET 200 https://registry.npmjs.org/@tailwindcss%2foxide-linux-arm64-gnu 1198ms (cache miss)
1227 silly packumentCache full:https://registry.npmjs.org/@tailwindcss%2foxide-linux-arm64-gnu set size:undefined disposed:false
1228 silly fetch manifest @tailwindcss/oxide-linux-arm-gnueabihf@4.1.12
1229 silly packumentCache full:https://registry.npmjs.org/@tailwindcss%2foxide-linux-arm-gnueabihf cache-miss
1230 http fetch GET 200 https://registry.npmjs.org/@tailwindcss%2foxide-linux-arm64-musl 791ms (cache miss)
1231 silly packumentCache full:https://registry.npmjs.org/@tailwindcss%2foxide-linux-arm64-musl set size:undefined disposed:false
1232 http fetch GET 200 https://registry.npmjs.org/@tailwindcss%2foxide-win32-arm64-msvc 751ms (cache miss)
1233 silly packumentCache full:https://registry.npmjs.org/@tailwindcss%2foxide-win32-arm64-msvc set size:undefined disposed:false
1234 http fetch GET 200 https://registry.npmjs.org/@tailwindcss%2foxide-linux-arm-gnueabihf 636ms (cache miss)
1235 silly packumentCache full:https://registry.npmjs.org/@tailwindcss%2foxide-linux-arm-gnueabihf set size:undefined disposed:false
1236 silly placeDep ROOT @jridgewell/remapping@2.3.5 OK for: @tailwindcss/node@4.1.12 want: ^2.3.4
1237 silly placeDep ROOT enhanced-resolve@5.23.0 OK for: @tailwindcss/node@4.1.12 want: ^5.18.3
1238 silly placeDep ROOT jiti@2.7.0 OK for: @tailwindcss/node@4.1.12 want: ^2.5.1
1239 silly placeDep ROOT lightningcss@1.30.1 OK for: @tailwindcss/node@4.1.12 want: 1.30.1
1240 silly placeDep ROOT magic-string@0.30.21 OK for: @tailwindcss/node@4.1.12 want: ^0.30.17
1241 silly placeDep ROOT source-map-js@1.2.1 OK for: @tailwindcss/node@4.1.12 want: ^1.2.1
1242 silly fetch manifest graceful-fs@^4.2.4
1243 silly packumentCache full:https://registry.npmjs.org/graceful-fs cache-miss
1244 silly fetch manifest tapable@^2.3.3
1245 silly packumentCache full:https://registry.npmjs.org/tapable cache-miss
1246 silly fetch manifest detect-libc@^2.0.3
1247 silly packumentCache full:https://registry.npmjs.org/detect-libc cache-miss
1248 http cache https://registry.npmjs.org/detect-libc 40ms (cache hit)
1249 silly packumentCache full:https://registry.npmjs.org/detect-libc set size:47861 disposed:false
1250 silly fetch manifest lightningcss-darwin-x64@1.30.1
1251 silly packumentCache full:https://registry.npmjs.org/lightningcss-darwin-x64 cache-miss
1252 http fetch GET 200 https://registry.npmjs.org/tapable 121ms (cache miss)
1253 silly packumentCache full:https://registry.npmjs.org/tapable set size:undefined disposed:false
1254 silly fetch manifest lightningcss-freebsd-x64@1.30.1
1255 silly packumentCache full:https://registry.npmjs.org/lightningcss-freebsd-x64 cache-miss
1256 http fetch GET 200 https://registry.npmjs.org/graceful-fs 131ms (cache miss)
1257 silly packumentCache full:https://registry.npmjs.org/graceful-fs set size:undefined disposed:false
1258 silly fetch manifest lightningcss-darwin-arm64@1.30.1
1259 silly packumentCache full:https://registry.npmjs.org/lightningcss-darwin-arm64 cache-miss
1260 http fetch GET 200 https://registry.npmjs.org/lightningcss-darwin-x64 96ms (cache miss)
1261 silly packumentCache full:https://registry.npmjs.org/lightningcss-darwin-x64 set size:undefined disposed:false
1262 silly fetch manifest lightningcss-linux-x64-gnu@1.30.1
1263 silly packumentCache full:https://registry.npmjs.org/lightningcss-linux-x64-gnu cache-miss
1264 http fetch GET 200 https://registry.npmjs.org/lightningcss-freebsd-x64 57ms (cache miss)
1265 silly packumentCache full:https://registry.npmjs.org/lightningcss-freebsd-x64 set size:undefined disposed:false
1266 silly fetch manifest lightningcss-linux-x64-musl@1.30.1
1267 silly packumentCache full:https://registry.npmjs.org/lightningcss-linux-x64-musl cache-miss
1268 http fetch GET 200 https://registry.npmjs.org/lightningcss-darwin-arm64 74ms (cache miss)
1269 silly packumentCache full:https://registry.npmjs.org/lightningcss-darwin-arm64 set size:undefined disposed:false
1270 silly fetch manifest lightningcss-win32-x64-msvc@1.30.1
1271 silly packumentCache full:https://registry.npmjs.org/lightningcss-win32-x64-msvc cache-miss
1272 http fetch GET 200 https://registry.npmjs.org/lightningcss-linux-x64-gnu 85ms (cache miss)
1273 silly packumentCache full:https://registry.npmjs.org/lightningcss-linux-x64-gnu set size:undefined disposed:false
1274 silly fetch manifest lightningcss-linux-arm64-gnu@1.30.1
1275 silly packumentCache full:https://registry.npmjs.org/lightningcss-linux-arm64-gnu cache-miss
1276 http fetch GET 200 https://registry.npmjs.org/lightningcss-linux-x64-musl 60ms (cache miss)
1277 silly packumentCache full:https://registry.npmjs.org/lightningcss-linux-x64-musl set size:undefined disposed:false
1278 silly fetch manifest lightningcss-linux-arm64-musl@1.30.1
1279 silly packumentCache full:https://registry.npmjs.org/lightningcss-linux-arm64-musl cache-miss
1280 http fetch GET 200 https://registry.npmjs.org/lightningcss-win32-x64-msvc 66ms (cache miss)
1281 silly packumentCache full:https://registry.npmjs.org/lightningcss-win32-x64-msvc set size:undefined disposed:false
1282 silly fetch manifest lightningcss-win32-arm64-msvc@1.30.1
1283 silly packumentCache full:https://registry.npmjs.org/lightningcss-win32-arm64-msvc cache-miss
1284 http fetch GET 200 https://registry.npmjs.org/lightningcss-linux-arm64-gnu 80ms (cache miss)
1285 silly packumentCache full:https://registry.npmjs.org/lightningcss-linux-arm64-gnu set size:undefined disposed:false
1286 silly fetch manifest lightningcss-linux-arm-gnueabihf@1.30.1
1287 silly packumentCache full:https://registry.npmjs.org/lightningcss-linux-arm-gnueabihf cache-miss
1288 http fetch GET 200 https://registry.npmjs.org/lightningcss-linux-arm64-musl 76ms (cache miss)
1289 silly packumentCache full:https://registry.npmjs.org/lightningcss-linux-arm64-musl set size:undefined disposed:false
1290 http fetch GET 200 https://registry.npmjs.org/lightningcss-win32-arm64-msvc 65ms (cache miss)
1291 silly packumentCache full:https://registry.npmjs.org/lightningcss-win32-arm64-msvc set size:undefined disposed:false
1292 http fetch GET 200 https://registry.npmjs.org/lightningcss-linux-arm-gnueabihf 70ms (cache miss)
1293 silly packumentCache full:https://registry.npmjs.org/lightningcss-linux-arm-gnueabihf set size:undefined disposed:false
1294 silly placeDep ROOT @tailwindcss/oxide-android-arm64@4.1.12 OK for: @tailwindcss/oxide@4.1.12 want: 4.1.12
1295 silly placeDep ROOT @tailwindcss/oxide-darwin-arm64@4.1.12 OK for: @tailwindcss/oxide@4.1.12 want: 4.1.12
1296 silly placeDep ROOT @tailwindcss/oxide-darwin-x64@4.1.12 OK for: @tailwindcss/oxide@4.1.12 want: 4.1.12
1297 silly placeDep ROOT @tailwindcss/oxide-freebsd-x64@4.1.12 OK for: @tailwindcss/oxide@4.1.12 want: 4.1.12
1298 silly placeDep ROOT @tailwindcss/oxide-linux-arm-gnueabihf@4.1.12 OK for: @tailwindcss/oxide@4.1.12 want: 4.1.12
1299 silly placeDep ROOT @tailwindcss/oxide-linux-arm64-gnu@4.1.12 OK for: @tailwindcss/oxide@4.1.12 want: 4.1.12
1300 silly placeDep ROOT @tailwindcss/oxide-linux-arm64-musl@4.1.12 OK for: @tailwindcss/oxide@4.1.12 want: 4.1.12
1301 silly placeDep ROOT @tailwindcss/oxide-linux-x64-gnu@4.1.12 OK for: @tailwindcss/oxide@4.1.12 want: 4.1.12
1302 silly placeDep ROOT @tailwindcss/oxide-linux-x64-musl@4.1.12 OK for: @tailwindcss/oxide@4.1.12 want: 4.1.12
1303 silly placeDep ROOT @tailwindcss/oxide-wasm32-wasi@4.1.12 OK for: @tailwindcss/oxide@4.1.12 want: 4.1.12
1304 silly placeDep ROOT @tailwindcss/oxide-win32-arm64-msvc@4.1.12 OK for: @tailwindcss/oxide@4.1.12 want: 4.1.12
1305 silly placeDep ROOT @tailwindcss/oxide-win32-x64-msvc@4.1.12 OK for: @tailwindcss/oxide@4.1.12 want: 4.1.12
1306 silly placeDep ROOT detect-libc@2.1.2 OK for: @tailwindcss/oxide@4.1.12 want: ^2.0.4
1307 silly placeDep ROOT tar@7.5.16 OK for: @tailwindcss/oxide@4.1.12 want: ^7.4.3
1308 silly fetch manifest @isaacs/fs-minipass@^4.0.0
1309 silly packumentCache full:https://registry.npmjs.org/@isaacs%2ffs-minipass cache-miss
1310 silly fetch manifest chownr@^3.0.0
1311 silly packumentCache full:https://registry.npmjs.org/chownr cache-miss
1312 silly fetch manifest minipass@^7.1.2
1313 silly packumentCache full:https://registry.npmjs.org/minipass cache-miss
1314 http fetch GET 200 https://registry.npmjs.org/chownr 59ms (cache miss)
1315 silly packumentCache full:https://registry.npmjs.org/chownr set size:undefined disposed:false
1316 silly fetch manifest minizlib@^3.1.0
1317 silly packumentCache full:https://registry.npmjs.org/minizlib cache-miss
1318 http fetch GET 200 https://registry.npmjs.org/@isaacs%2ffs-minipass 78ms (cache miss)
1319 silly packumentCache full:https://registry.npmjs.org/@isaacs%2ffs-minipass set size:undefined disposed:false
1320 silly fetch manifest yallist@^5.0.0
1321 silly packumentCache full:https://registry.npmjs.org/yallist cache-miss
1322 http fetch GET 200 https://registry.npmjs.org/minipass 122ms (cache miss)
1323 silly packumentCache full:https://registry.npmjs.org/minipass set size:undefined disposed:false
1324 http fetch GET 200 https://registry.npmjs.org/minizlib 79ms (cache miss)
1325 silly packumentCache full:https://registry.npmjs.org/minizlib set size:undefined disposed:false
1326 http fetch GET 200 https://registry.npmjs.org/yallist 68ms (cache miss)
1327 silly packumentCache full:https://registry.npmjs.org/yallist set size:undefined disposed:false
1328 silly placeDep ROOT @babel/core@7.29.7 OK for: @vitejs/plugin-react@4.7.0 want: ^7.28.0
1329 silly placeDep ROOT @babel/plugin-transform-react-jsx-self@7.29.7 OK for: @vitejs/plugin-react@4.7.0 want: ^7.27.1
1330 silly placeDep ROOT @babel/plugin-transform-react-jsx-source@7.29.7 OK for: @vitejs/plugin-react@4.7.0 want: ^7.27.1
1331 silly placeDep ROOT @rolldown/pluginutils@1.0.0-beta.27 OK for: @vitejs/plugin-react@4.7.0 want: 1.0.0-beta.27
1332 silly placeDep ROOT @types/babel__core@7.20.5 OK for: @vitejs/plugin-react@4.7.0 want: ^7.20.5
1333 silly placeDep ROOT react-refresh@0.17.0 OK for: @vitejs/plugin-react@4.7.0 want: ^0.17.0
1334 silly fetch manifest @babel/helper-compilation-targets@^7.29.7
1335 silly packumentCache full:https://registry.npmjs.org/@babel%2fhelper-compilation-targets cache-miss
1336 silly fetch manifest @babel/helper-module-transforms@^7.29.7
1337 silly packumentCache full:https://registry.npmjs.org/@babel%2fhelper-module-transforms cache-miss
1338 silly fetch manifest @babel/helpers@^7.29.7
1339 silly packumentCache full:https://registry.npmjs.org/@babel%2fhelpers cache-miss
1340 http fetch GET 200 https://registry.npmjs.org/@babel%2fhelper-compilation-targets 134ms (cache miss)
1341 silly packumentCache full:https://registry.npmjs.org/@babel%2fhelper-compilation-targets set size:undefined disposed:false
1342 silly fetch manifest convert-source-map@^2.0.0
1343 silly packumentCache full:https://registry.npmjs.org/convert-source-map cache-miss
1344 http fetch GET 200 https://registry.npmjs.org/@babel%2fhelper-module-transforms 142ms (cache miss)
1345 silly packumentCache full:https://registry.npmjs.org/@babel%2fhelper-module-transforms set size:undefined disposed:false
1346 silly fetch manifest gensync@^1.0.0-beta.2
1347 silly packumentCache full:https://registry.npmjs.org/gensync cache-miss
1348 http fetch GET 200 https://registry.npmjs.org/@babel%2fhelpers 153ms (cache miss)
1349 silly packumentCache full:https://registry.npmjs.org/@babel%2fhelpers set size:undefined disposed:false
1350 silly fetch manifest json5@^2.2.3
1351 silly packumentCache full:https://registry.npmjs.org/json5 cache-miss
1352 http cache https://registry.npmjs.org/convert-source-map 30ms (cache hit)
1353 silly packumentCache full:https://registry.npmjs.org/convert-source-map set size:66997 disposed:false
1354 silly fetch manifest semver@^6.3.1
1355 silly packumentCache full:https://registry.npmjs.org/semver cache-miss
1356 http fetch GET 200 https://registry.npmjs.org/gensync 66ms (cache miss)
1357 silly packumentCache full:https://registry.npmjs.org/gensync set size:undefined disposed:false
1358 silly fetch manifest @babel/helper-plugin-utils@^7.29.7
1359 silly packumentCache full:https://registry.npmjs.org/@babel%2fhelper-plugin-utils cache-miss
1360 http fetch GET 200 https://registry.npmjs.org/json5 85ms (cache miss)
1361 silly packumentCache full:https://registry.npmjs.org/json5 set size:undefined disposed:false
1362 silly fetch manifest @babel/helper-plugin-utils@^7.29.7
1363 silly packumentCache full:https://registry.npmjs.org/@babel%2fhelper-plugin-utils cache-miss
1364 http fetch GET 200 https://registry.npmjs.org/semver 95ms (cache miss)
1365 silly packumentCache full:https://registry.npmjs.org/semver set size:undefined disposed:false
1366 silly fetch manifest @types/babel__template@*
1367 silly packumentCache full:https://registry.npmjs.org/@types%2fbabel__template cache-miss
1368 http fetch GET 200 https://registry.npmjs.org/@types%2fbabel__template 109ms (cache miss)
1369 silly packumentCache full:https://registry.npmjs.org/@types%2fbabel__template set size:undefined disposed:false
1370 silly fetch manifest @types/babel__traverse@*
1371 silly packumentCache full:https://registry.npmjs.org/@types%2fbabel__traverse cache-miss
1372 http fetch GET 200 https://registry.npmjs.org/@babel%2fhelper-plugin-utils 169ms (cache miss)
1373 silly packumentCache full:https://registry.npmjs.org/@babel%2fhelper-plugin-utils set size:undefined disposed:false
1374 silly fetch manifest @types/babel__generator@*
1375 silly packumentCache full:https://registry.npmjs.org/@types%2fbabel__generator cache-miss
1376 http fetch GET 200 https://registry.npmjs.org/@babel%2fhelper-plugin-utils 149ms (cache miss)
1377 silly packumentCache full:https://registry.npmjs.org/@babel%2fhelper-plugin-utils set size:undefined disposed:false
1378 http fetch GET 200 https://registry.npmjs.org/@types%2fbabel__traverse 86ms (cache miss)
1379 silly packumentCache full:https://registry.npmjs.org/@types%2fbabel__traverse set size:undefined disposed:false
1380 http fetch GET 200 https://registry.npmjs.org/@types%2fbabel__generator 88ms (cache miss)
1381 silly packumentCache full:https://registry.npmjs.org/@types%2fbabel__generator set size:undefined disposed:false
1382 silly fetch manifest @babel/core@^7.0.0
1383 silly packumentCache full:https://registry.npmjs.org/@babel%2fcore cache-miss
1384 http cache https://registry.npmjs.org/@babel%2fcore 14ms (cache hit)
1385 silly packumentCache full:https://registry.npmjs.org/@babel%2fcore set size:779631 disposed:false
1386 silly placeDep ROOT @babel/helper-compilation-targets@7.29.7 OK for: @babel/core@7.29.7 want: ^7.29.7
1387 silly placeDep ROOT @babel/helper-module-transforms@7.29.7 OK for: @babel/core@7.29.7 want: ^7.29.7
1388 silly placeDep ROOT @babel/helpers@7.29.7 OK for: @babel/core@7.29.7 want: ^7.29.7
1389 silly placeDep node_modules/@babel/core convert-source-map@2.0.0 OK for: @babel/core@7.29.7 want: ^2.0.0
1390 silly placeDep ROOT gensync@1.0.0-beta.2 OK for: @babel/core@7.29.7 want: ^1.0.0-beta.2
1391 silly placeDep ROOT json5@2.2.3 OK for: @babel/core@7.29.7 want: ^2.2.3
1392 silly placeDep ROOT semver@6.3.1 OK for: @babel/core@7.29.7 want: ^6.3.1
1393 silly fetch manifest @babel/compat-data@^7.29.7
1394 silly packumentCache full:https://registry.npmjs.org/@babel%2fcompat-data cache-miss
1395 silly fetch manifest @babel/helper-validator-option@^7.29.7
1396 silly packumentCache full:https://registry.npmjs.org/@babel%2fhelper-validator-option cache-miss
1397 silly fetch manifest browserslist@^4.24.0
1398 silly packumentCache full:https://registry.npmjs.org/browserslist cache-miss
1399 http fetch GET 200 https://registry.npmjs.org/@babel%2fhelper-validator-option 78ms (cache miss)
1400 silly packumentCache full:https://registry.npmjs.org/@babel%2fhelper-validator-option set size:undefined disposed:false
1401 silly fetch manifest lru-cache@^5.1.1
1402 silly packumentCache full:https://registry.npmjs.org/lru-cache cache-miss
1403 http fetch GET 200 https://registry.npmjs.org/@babel%2fcompat-data 147ms (cache miss)
1404 silly packumentCache full:https://registry.npmjs.org/@babel%2fcompat-data set size:undefined disposed:false
1405 http fetch GET 200 https://registry.npmjs.org/lru-cache 125ms (cache miss)
1406 silly packumentCache full:https://registry.npmjs.org/lru-cache set size:undefined disposed:false
1407 http fetch GET 200 https://registry.npmjs.org/browserslist 237ms (cache miss)
1408 silly packumentCache full:https://registry.npmjs.org/browserslist set size:undefined disposed:false
1409 silly placeDep ROOT @babel/compat-data@7.29.7 OK for: @babel/helper-compilation-targets@7.29.7 want: ^7.29.7
1410 silly placeDep ROOT @babel/helper-validator-option@7.29.7 OK for: @babel/helper-compilation-targets@7.29.7 want: ^7.29.7
1411 silly placeDep ROOT browserslist@4.28.2 OK for: @babel/helper-compilation-targets@7.29.7 want: ^4.24.0
1412 silly placeDep ROOT lru-cache@5.1.1 OK for: @babel/helper-compilation-targets@7.29.7 want: ^5.1.1
1413 silly fetch manifest baseline-browser-mapping@^2.10.12
1414 silly packumentCache full:https://registry.npmjs.org/baseline-browser-mapping cache-miss
1415 silly fetch manifest caniuse-lite@^1.0.30001782
1416 silly packumentCache full:https://registry.npmjs.org/caniuse-lite cache-miss
1417 silly fetch manifest electron-to-chromium@^1.5.328
1418 silly packumentCache full:https://registry.npmjs.org/electron-to-chromium cache-miss
1419 http fetch GET 200 https://registry.npmjs.org/baseline-browser-mapping 109ms (cache miss)
1420 silly packumentCache full:https://registry.npmjs.org/baseline-browser-mapping set size:undefined disposed:false
1421 silly fetch manifest node-releases@^2.0.36
1422 silly packumentCache full:https://registry.npmjs.org/node-releases cache-miss
1423 http fetch GET 200 https://registry.npmjs.org/node-releases 169ms (cache miss)
1424 silly packumentCache full:https://registry.npmjs.org/node-releases set size:undefined disposed:false
1425 silly fetch manifest update-browserslist-db@^1.2.3
1426 silly packumentCache full:https://registry.npmjs.org/update-browserslist-db cache-miss
1427 http fetch GET 200 https://registry.npmjs.org/update-browserslist-db 89ms (cache miss)
1428 silly packumentCache full:https://registry.npmjs.org/update-browserslist-db set size:undefined disposed:false
1429 silly fetch manifest yallist@^3.0.2
1430 silly packumentCache full:https://registry.npmjs.org/yallist cache-miss
1431 http cache https://registry.npmjs.org/yallist 25ms (cache hit)
1432 silly packumentCache full:https://registry.npmjs.org/yallist set size:34610 disposed:false
1433 http fetch GET 200 https://registry.npmjs.org/caniuse-lite 423ms (cache miss)
1434 silly packumentCache full:https://registry.npmjs.org/caniuse-lite set size:undefined disposed:false
1435 http fetch GET 200 https://registry.npmjs.org/electron-to-chromium 1045ms (cache miss)
1436 silly packumentCache full:https://registry.npmjs.org/electron-to-chromium set size:undefined disposed:false
1437 silly placeDep ROOT @babel/helper-plugin-utils@7.29.7 OK for: @babel/plugin-transform-react-jsx-self@7.29.7 want: ^7.29.7
1438 silly placeDep ROOT @types/babel__generator@7.27.0 OK for: @types/babel__core@7.20.5 want: *
1439 silly placeDep ROOT @types/babel__template@7.4.4 OK for: @types/babel__core@7.20.5 want: *
1440 silly placeDep ROOT @types/babel__traverse@7.28.0 OK for: @types/babel__core@7.20.5 want: *
1441 silly placeDep ROOT tslib@2.8.1 OK for: aria-hidden@1.2.6 want: ^2.0.0
1442 silly placeDep ROOT cosmiconfig@7.1.0 OK for: babel-plugin-macros@3.1.0 want: ^7.0.0
1443 silly placeDep ROOT resolve@1.22.12 OK for: babel-plugin-macros@3.1.0 want: ^1.19.0
1444 silly fetch manifest yaml@^1.10.0
1445 silly packumentCache full:https://registry.npmjs.org/yaml cache-miss
1446 silly fetch manifest path-type@^4.0.0
1447 silly packumentCache full:https://registry.npmjs.org/path-type cache-miss
1448 silly fetch manifest parse-json@^5.0.0
1449 silly packumentCache full:https://registry.npmjs.org/parse-json cache-miss
1450 http cache https://registry.npmjs.org/yaml 49ms (cache hit)
1451 silly packumentCache full:https://registry.npmjs.org/yaml set size:385754 disposed:false
1452 silly fetch manifest import-fresh@^3.2.1
1453 silly packumentCache full:https://registry.npmjs.org/import-fresh cache-miss
1454 http fetch GET 200 https://registry.npmjs.org/parse-json 85ms (cache miss)
1455 silly packumentCache full:https://registry.npmjs.org/parse-json set size:undefined disposed:false
1456 silly fetch manifest @types/parse-json@^4.0.0
1457 silly packumentCache full:https://registry.npmjs.org/@types%2fparse-json cache-miss
1458 http fetch GET 200 https://registry.npmjs.org/path-type 92ms (cache miss)
1459 silly packumentCache full:https://registry.npmjs.org/path-type set size:undefined disposed:false
1460 silly fetch manifest es-errors@^1.3.0
1461 silly packumentCache full:https://registry.npmjs.org/es-errors cache-miss
1462 http fetch GET 200 https://registry.npmjs.org/import-fresh 65ms (cache miss)
1463 silly packumentCache full:https://registry.npmjs.org/import-fresh set size:undefined disposed:false
1464 silly fetch manifest path-parse@^1.0.7
1465 silly packumentCache full:https://registry.npmjs.org/path-parse cache-miss
1466 http fetch GET 200 https://registry.npmjs.org/es-errors 73ms (cache miss)
1467 silly packumentCache full:https://registry.npmjs.org/es-errors set size:undefined disposed:false
1468 silly fetch manifest is-core-module@^2.16.1
1469 silly packumentCache full:https://registry.npmjs.org/is-core-module cache-miss
1470 http fetch GET 200 https://registry.npmjs.org/path-parse 110ms (cache miss)
1471 silly packumentCache full:https://registry.npmjs.org/path-parse set size:undefined disposed:false
1472 silly fetch manifest supports-preserve-symlinks-flag@^1.0.0
1473 silly packumentCache full:https://registry.npmjs.org/supports-preserve-symlinks-flag cache-miss
1474 http fetch GET 200 https://registry.npmjs.org/supports-preserve-symlinks-flag 60ms (cache miss)
1475 silly packumentCache full:https://registry.npmjs.org/supports-preserve-symlinks-flag set size:undefined disposed:false
1476 http fetch GET 200 https://registry.npmjs.org/is-core-module 384ms (cache miss)
1477 silly packumentCache full:https://registry.npmjs.org/is-core-module set size:undefined disposed:false
1478 http fetch GET 200 https://registry.npmjs.org/@types%2fparse-json 579ms (cache miss)
1479 silly packumentCache full:https://registry.npmjs.org/@types%2fparse-json set size:undefined disposed:false
1480 silly fetch manifest browserslist@>= 4.21.0
1481 silly packumentCache full:https://registry.npmjs.org/browserslist cache-miss
1482 http cache https://registry.npmjs.org/browserslist 11ms (cache hit)
1483 silly packumentCache full:https://registry.npmjs.org/browserslist set size:504681 disposed:false
1484 silly placeDep ROOT baseline-browser-mapping@2.10.34 OK for: browserslist@4.28.2 want: ^2.10.12
1485 silly placeDep ROOT caniuse-lite@1.0.30001797 OK for: browserslist@4.28.2 want: ^1.0.30001782
1486 silly placeDep ROOT electron-to-chromium@1.5.368 OK for: browserslist@4.28.2 want: ^1.5.328
1487 silly placeDep ROOT node-releases@2.0.47 OK for: browserslist@4.28.2 want: ^2.0.36
1488 silly placeDep ROOT update-browserslist-db@1.2.3 OK for: browserslist@4.28.2 want: ^1.2.3
1489 silly fetch manifest escalade@^3.2.0
1490 silly packumentCache full:https://registry.npmjs.org/escalade cache-miss
1491 http fetch GET 200 https://registry.npmjs.org/escalade 76ms (cache miss)
1492 silly packumentCache full:https://registry.npmjs.org/escalade set size:undefined disposed:false
1493 silly placeDep ROOT @types/parse-json@4.0.2 OK for: cosmiconfig@7.1.0 want: ^4.0.0
1494 silly placeDep ROOT import-fresh@3.3.1 OK for: cosmiconfig@7.1.0 want: ^3.2.1
1495 silly placeDep ROOT parse-json@5.2.0 OK for: cosmiconfig@7.1.0 want: ^5.0.0
1496 silly placeDep ROOT path-type@4.0.0 OK for: cosmiconfig@7.1.0 want: ^4.0.0
1497 silly placeDep ROOT yaml@1.10.3 OK for: cosmiconfig@7.1.0 want: ^1.10.0
1498 silly fetch manifest resolve-from@^4.0.0
1499 silly packumentCache full:https://registry.npmjs.org/resolve-from cache-miss
1500 silly fetch manifest parent-module@^1.0.0
1501 silly packumentCache full:https://registry.npmjs.org/parent-module cache-miss
1502 silly fetch manifest error-ex@^1.3.1
1503 silly packumentCache full:https://registry.npmjs.org/error-ex cache-miss
1504 http fetch GET 200 https://registry.npmjs.org/resolve-from 64ms (cache miss)
1505 silly packumentCache full:https://registry.npmjs.org/resolve-from set size:undefined disposed:false
1506 silly fetch manifest lines-and-columns@^1.1.6
1507 silly packumentCache full:https://registry.npmjs.org/lines-and-columns cache-miss
1508 http fetch GET 200 https://registry.npmjs.org/error-ex 68ms (cache miss)
1509 silly packumentCache full:https://registry.npmjs.org/error-ex set size:undefined disposed:false
1510 silly fetch manifest json-parse-even-better-errors@^2.3.0
1511 silly packumentCache full:https://registry.npmjs.org/json-parse-even-better-errors cache-miss
1512 http fetch GET 200 https://registry.npmjs.org/parent-module 74ms (cache miss)
1513 silly packumentCache full:https://registry.npmjs.org/parent-module set size:undefined disposed:false
1514 http fetch GET 200 https://registry.npmjs.org/json-parse-even-better-errors 65ms (cache miss)
1515 silly packumentCache full:https://registry.npmjs.org/json-parse-even-better-errors set size:undefined disposed:false
1516 http fetch GET 200 https://registry.npmjs.org/lines-and-columns 74ms (cache miss)
1517 silly packumentCache full:https://registry.npmjs.org/lines-and-columns set size:undefined disposed:false
1518 silly placeDep ROOT ms@2.1.3 OK for: debug@4.4.3 want: ^2.1.3
1519 silly placeDep ROOT embla-carousel@8.6.0 OK for: embla-carousel-react@8.6.0 want: 8.6.0
1520 silly placeDep ROOT embla-carousel-reactive-utils@8.6.0 OK for: embla-carousel-react@8.6.0 want: 8.6.0
1521 silly placeDep ROOT graceful-fs@4.2.11 OK for: enhanced-resolve@5.23.0 want: ^4.2.4
1522 silly placeDep ROOT tapable@2.3.3 OK for: enhanced-resolve@5.23.0 want: ^2.3.3
1523 silly placeDep node_modules/hoist-non-react-statics react-is@16.13.1 OK for: hoist-non-react-statics@3.3.2 want: ^16.7.0
1524 silly placeDep ROOT parent-module@1.0.1 OK for: import-fresh@3.3.1 want: ^1.0.0
1525 silly placeDep ROOT resolve-from@4.0.0 OK for: import-fresh@3.3.1 want: ^4.0.0
1526 silly fetch manifest callsites@^3.0.0
1527 silly packumentCache full:https://registry.npmjs.org/callsites cache-miss
1528 http fetch GET 200 https://registry.npmjs.org/callsites 56ms (cache miss)
1529 silly packumentCache full:https://registry.npmjs.org/callsites set size:undefined disposed:false
1530 silly placeDep ROOT lightningcss-darwin-arm64@1.30.1 OK for: lightningcss@1.30.1 want: 1.30.1
1531 silly placeDep ROOT lightningcss-darwin-x64@1.30.1 OK for: lightningcss@1.30.1 want: 1.30.1
1532 silly placeDep ROOT lightningcss-freebsd-x64@1.30.1 OK for: lightningcss@1.30.1 want: 1.30.1
1533 silly placeDep ROOT lightningcss-linux-arm-gnueabihf@1.30.1 OK for: lightningcss@1.30.1 want: 1.30.1
1534 silly placeDep ROOT lightningcss-linux-arm64-gnu@1.30.1 OK for: lightningcss@1.30.1 want: 1.30.1
1535 silly placeDep ROOT lightningcss-linux-arm64-musl@1.30.1 OK for: lightningcss@1.30.1 want: 1.30.1
1536 silly placeDep ROOT lightningcss-linux-x64-gnu@1.30.1 OK for: lightningcss@1.30.1 want: 1.30.1
1537 silly placeDep ROOT lightningcss-linux-x64-musl@1.30.1 OK for: lightningcss@1.30.1 want: 1.30.1
1538 silly placeDep ROOT lightningcss-win32-arm64-msvc@1.30.1 OK for: lightningcss@1.30.1 want: 1.30.1
1539 silly placeDep ROOT lightningcss-win32-x64-msvc@1.30.1 OK for: lightningcss@1.30.1 want: 1.30.1
1540 silly placeDep ROOT yallist@3.1.1 OK for: lru-cache@5.1.1 want: ^3.0.2
1541 silly fetch manifest react@^18.0.0 || ^19.0.0
1542 silly packumentCache full:https://registry.npmjs.org/react cache-miss
1543 http cache https://registry.npmjs.org/react 48ms (cache hit)
1544 silly packumentCache full:https://registry.npmjs.org/react set size:6688498 disposed:false
1545 silly fetch manifest react-dom@^18.0.0 || ^19.0.0
1546 silly packumentCache full:https://registry.npmjs.org/react-dom cache-miss
1547 http cache https://registry.npmjs.org/react-dom 75ms (cache hit)
1548 silly packumentCache full:https://registry.npmjs.org/react-dom set size:8930276 disposed:false
1549 silly placeDep ROOT framer-motion@12.40.0 OK for: motion@12.23.24 want: ^12.23.24
1550 silly fetch manifest motion-dom@^12.40.0
1551 silly packumentCache full:https://registry.npmjs.org/motion-dom cache-miss
1552 silly fetch manifest motion-utils@^12.39.0
1553 silly packumentCache full:https://registry.npmjs.org/motion-utils cache-miss
1554 http fetch GET 200 https://registry.npmjs.org/motion-utils 418ms (cache miss)
1555 silly packumentCache full:https://registry.npmjs.org/motion-utils set size:undefined disposed:false
1556 http fetch GET 200 https://registry.npmjs.org/motion-dom 434ms (cache miss)
1557 silly packumentCache full:https://registry.npmjs.org/motion-dom set size:undefined disposed:false
1558 silly placeDep ROOT motion-dom@12.40.0 OK for: framer-motion@12.40.0 want: ^12.40.0
1559 silly placeDep ROOT motion-utils@12.39.0 OK for: framer-motion@12.40.0 want: ^12.39.0
1560 silly placeDep ROOT callsites@3.1.0 OK for: parent-module@1.0.1 want: ^3.0.0
1561 silly placeDep ROOT error-ex@1.3.4 OK for: parse-json@5.2.0 want: ^1.3.1
1562 silly placeDep ROOT json-parse-even-better-errors@2.3.1 OK for: parse-json@5.2.0 want: ^2.3.0
1563 silly placeDep ROOT lines-and-columns@1.2.4 OK for: parse-json@5.2.0 want: ^1.1.6
1564 silly fetch manifest is-arrayish@^0.2.1
1565 silly packumentCache full:https://registry.npmjs.org/is-arrayish cache-miss
1566 http fetch GET 200 https://registry.npmjs.org/is-arrayish 62ms (cache miss)
1567 silly packumentCache full:https://registry.npmjs.org/is-arrayish set size:undefined disposed:false
1568 silly placeDep ROOT is-arrayish@0.2.1 OK for: error-ex@1.3.4 want: ^0.2.1
1569 silly placeDep ROOT loose-envify@1.4.0 OK for: prop-types@15.8.1 want: ^1.4.0
1570 silly placeDep ROOT object-assign@4.1.1 OK for: prop-types@15.8.1 want: ^4.1.1
1571 silly placeDep node_modules/prop-types react-is@16.13.1 OK for: prop-types@15.8.1 want: ^16.13.1
1572 silly placeDep ROOT @react-dnd/invariant@4.0.2 OK for: react-dnd@16.0.1 want: ^4.0.1
1573 silly placeDep ROOT @react-dnd/shallowequal@4.0.2 OK for: react-dnd@16.0.1 want: ^4.0.1
1574 silly placeDep ROOT dnd-core@16.0.1 OK for: react-dnd@16.0.1 want: ^16.0.1
1575 silly placeDep ROOT fast-deep-equal@3.1.3 OK for: react-dnd@16.0.1 want: ^3.1.3
1576 silly fetch manifest @react-dnd/asap@^5.0.1
1577 silly packumentCache full:https://registry.npmjs.org/@react-dnd%2fasap cache-miss
1578 silly fetch manifest redux@^4.2.0
1579 silly packumentCache full:https://registry.npmjs.org/redux cache-miss
1580 http fetch GET 200 https://registry.npmjs.org/redux 115ms (cache miss)
1581 silly packumentCache full:https://registry.npmjs.org/redux set size:undefined disposed:false
1582 http fetch GET 200 https://registry.npmjs.org/@react-dnd%2fasap 772ms (cache miss)
1583 silly packumentCache full:https://registry.npmjs.org/@react-dnd%2fasap set size:undefined disposed:false
1584 silly placeDep ROOT @react-dnd/asap@5.0.2 OK for: dnd-core@16.0.1 want: ^5.0.1
1585 silly placeDep ROOT redux@4.2.1 OK for: dnd-core@16.0.1 want: ^4.2.0
1586 silly placeDep ROOT scheduler@0.23.2 OK for: react-dom@18.3.1 want: ^0.23.2
1587 silly placeDep ROOT react-fast-compare@3.2.2 OK for: react-popper@2.3.0 want: ^3.0.1
1588 silly placeDep ROOT warning@4.0.3 OK for: react-popper@2.3.0 want: ^4.0.2
1589 silly fetch manifest react@^16.8.0 || ^17.0.0 || ^18.0.0 || ^19.0.0 || ^19.0.0-rc
1590 silly packumentCache full:https://registry.npmjs.org/react cache-miss
1591 http cache https://registry.npmjs.org/react 36ms (cache hit)
1592 silly packumentCache full:https://registry.npmjs.org/react set size:6688498 disposed:false
1593 silly placeDep ROOT react-remove-scroll-bar@2.3.8 OK for: react-remove-scroll@2.7.2 want: ^2.3.7
1594 silly placeDep ROOT react-style-singleton@2.2.3 OK for: react-remove-scroll@2.7.2 want: ^2.2.3
1595 silly placeDep ROOT use-callback-ref@1.3.3 OK for: react-remove-scroll@2.7.2 want: ^1.3.3
1596 silly placeDep ROOT use-sidecar@1.1.3 OK for: react-remove-scroll@2.7.2 want: ^1.1.3
1597 silly fetch manifest react-style-singleton@^2.2.2
1598 silly packumentCache full:https://registry.npmjs.org/react-style-singleton cache-miss
1599 silly fetch manifest get-nonce@^1.0.0
1600 silly packumentCache full:https://registry.npmjs.org/get-nonce cache-miss
1601 silly fetch manifest detect-node-es@^1.1.0
1602 silly packumentCache full:https://registry.npmjs.org/detect-node-es cache-miss
1603 http cache https://registry.npmjs.org/react-style-singleton 96ms (cache hit)
1604 silly packumentCache full:https://registry.npmjs.org/react-style-singleton set size:33682 disposed:false
1605 http fetch GET 200 https://registry.npmjs.org/get-nonce 114ms (cache miss)
1606 silly packumentCache full:https://registry.npmjs.org/get-nonce set size:undefined disposed:false
1607 http fetch GET 200 https://registry.npmjs.org/detect-node-es 471ms (cache miss)
1608 silly packumentCache full:https://registry.npmjs.org/detect-node-es set size:undefined disposed:false
1609 silly placeDep ROOT cookie@1.1.1 OK for: react-router@7.13.0 want: ^1.0.1
1610 silly placeDep ROOT set-cookie-parser@2.7.2 OK for: react-router@7.13.0 want: ^2.6.0
1611 silly placeDep ROOT classnames@2.5.1 OK for: react-slick@0.31.0 want: ^2.2.5
1612 silly placeDep ROOT json2mq@0.2.0 OK for: react-slick@0.31.0 want: ^0.2.0
1613 silly placeDep ROOT lodash.debounce@4.0.8 OK for: react-slick@0.31.0 want: ^4.0.8
1614 silly placeDep ROOT resize-observer-polyfill@1.5.1 OK for: react-slick@0.31.0 want: ^1.5.0
1615 silly fetch manifest string-convert@^0.2.0
1616 silly packumentCache full:https://registry.npmjs.org/string-convert cache-miss
1617 http fetch GET 200 https://registry.npmjs.org/string-convert 444ms (cache miss)
1618 silly packumentCache full:https://registry.npmjs.org/string-convert set size:undefined disposed:false
1619 silly placeDep ROOT string-convert@0.2.1 OK for: json2mq@0.2.0 want: ^0.2.0
1620 silly placeDep ROOT get-nonce@1.0.1 OK for: react-style-singleton@2.2.3 want: ^1.0.0
1621 silly placeDep ROOT dom-helpers@5.2.1 OK for: react-transition-group@4.4.5 want: ^5.0.1
1622 silly fetch manifest react@^16.0.0 || ^17.0.0 || ^18.0.0 || ^19.0.0
1623 silly packumentCache full:https://registry.npmjs.org/react cache-miss
1624 http cache https://registry.npmjs.org/react 35ms (cache hit)
1625 silly packumentCache full:https://registry.npmjs.org/react set size:6688498 disposed:false
1626 silly fetch manifest react-dom@^16.0.0 || ^17.0.0 || ^18.0.0 || ^19.0.0
1627 silly packumentCache full:https://registry.npmjs.org/react-dom cache-miss
1628 http cache https://registry.npmjs.org/react-dom 135ms (cache hit)
1629 silly packumentCache full:https://registry.npmjs.org/react-dom set size:8930276 disposed:false
1630 silly placeDep ROOT eventemitter3@4.0.7 OK for: recharts@2.15.2 want: ^4.0.1
1631 silly placeDep ROOT lodash@4.18.1 OK for: recharts@2.15.2 want: ^4.17.21
1632 silly placeDep node_modules/recharts react-is@18.3.1 OK for: recharts@2.15.2 want: ^18.3.1
1633 silly placeDep ROOT react-smooth@4.0.4 OK for: recharts@2.15.2 want: ^4.0.4
1634 silly placeDep ROOT recharts-scale@0.4.5 OK for: recharts@2.15.2 want: ^0.4.4
1635 silly placeDep ROOT tiny-invariant@1.3.3 OK for: recharts@2.15.2 want: ^1.3.1
1636 silly placeDep ROOT victory-vendor@36.9.2 OK for: recharts@2.15.2 want: ^36.6.8
1637 silly fetch manifest fast-equals@^5.0.1
1638 silly packumentCache full:https://registry.npmjs.org/fast-equals cache-miss
1639 silly fetch manifest decimal.js-light@^2.4.1
1640 silly packumentCache full:https://registry.npmjs.org/decimal.js-light cache-miss
1641 silly fetch manifest d3-ease@^3.0.1
1642 silly packumentCache full:https://registry.npmjs.org/d3-ease cache-miss
1643 http fetch GET 200 https://registry.npmjs.org/decimal.js-light 74ms (cache miss)
1644 silly packumentCache full:https://registry.npmjs.org/decimal.js-light set size:undefined disposed:false
1645 silly fetch manifest d3-time@^3.0.0
1646 silly packumentCache full:https://registry.npmjs.org/d3-time cache-miss
1647 http fetch GET 200 https://registry.npmjs.org/d3-ease 106ms (cache miss)
1648 silly packumentCache full:https://registry.npmjs.org/d3-ease set size:undefined disposed:false
1649 silly fetch manifest d3-array@^3.1.6
1650 silly packumentCache full:https://registry.npmjs.org/d3-array cache-miss
1651 http fetch GET 200 https://registry.npmjs.org/d3-time 91ms (cache miss)
1652 silly packumentCache full:https://registry.npmjs.org/d3-time set size:undefined disposed:false
1653 silly fetch manifest d3-scale@^4.0.2
1654 silly packumentCache full:https://registry.npmjs.org/d3-scale cache-miss
1655 http fetch GET 200 https://registry.npmjs.org/fast-equals 368ms (cache miss)
1656 silly packumentCache full:https://registry.npmjs.org/fast-equals set size:undefined disposed:false
1657 silly fetch manifest d3-shape@^3.1.0
1658 silly packumentCache full:https://registry.npmjs.org/d3-shape cache-miss
1659 http fetch GET 200 https://registry.npmjs.org/d3-array 347ms (cache miss)
1660 silly packumentCache full:https://registry.npmjs.org/d3-array set size:undefined disposed:false
1661 silly fetch manifest d3-timer@^3.0.1
1662 silly packumentCache full:https://registry.npmjs.org/d3-timer cache-miss
1663 http fetch GET 200 https://registry.npmjs.org/d3-shape 147ms (cache miss)
1664 silly packumentCache full:https://registry.npmjs.org/d3-shape set size:undefined disposed:false
1665 silly fetch manifest @types/d3-ease@^3.0.0
1666 silly packumentCache full:https://registry.npmjs.org/@types%2fd3-ease cache-miss
1667 http fetch GET 200 https://registry.npmjs.org/d3-scale 402ms (cache miss)
1668 silly packumentCache full:https://registry.npmjs.org/d3-scale set size:undefined disposed:false
1669 silly fetch manifest @types/d3-time@^3.0.0
1670 silly packumentCache full:https://registry.npmjs.org/@types%2fd3-time cache-miss
1671 http fetch GET 200 https://registry.npmjs.org/d3-timer 311ms (cache miss)
1672 silly packumentCache full:https://registry.npmjs.org/d3-timer set size:undefined disposed:false
1673 silly fetch manifest d3-interpolate@^3.0.1
1674 silly packumentCache full:https://registry.npmjs.org/d3-interpolate cache-miss
1675 http fetch GET 200 https://registry.npmjs.org/@types%2fd3-ease 339ms (cache miss)
1676 silly packumentCache full:https://registry.npmjs.org/@types%2fd3-ease set size:undefined disposed:false
1677 silly fetch manifest @types/d3-array@^3.0.3
1678 silly packumentCache full:https://registry.npmjs.org/@types%2fd3-array cache-miss
1679 http fetch GET 200 https://registry.npmjs.org/@types%2fd3-time 336ms (cache miss)
1680 silly packumentCache full:https://registry.npmjs.org/@types%2fd3-time set size:undefined disposed:false
1681 silly fetch manifest @types/d3-scale@^4.0.2
1682 silly packumentCache full:https://registry.npmjs.org/@types%2fd3-scale cache-miss
1683 http fetch GET 200 https://registry.npmjs.org/@types%2fd3-array 91ms (cache miss)
1684 silly packumentCache full:https://registry.npmjs.org/@types%2fd3-array set size:undefined disposed:false
1685 silly fetch manifest @types/d3-shape@^3.1.0
1686 silly packumentCache full:https://registry.npmjs.org/@types%2fd3-shape cache-miss
1687 http fetch GET 200 https://registry.npmjs.org/@types%2fd3-scale 92ms (cache miss)
1688 silly packumentCache full:https://registry.npmjs.org/@types%2fd3-scale set size:undefined disposed:false
1689 silly fetch manifest @types/d3-timer@^3.0.0
1690 silly packumentCache full:https://registry.npmjs.org/@types%2fd3-timer cache-miss
1691 http fetch GET 200 https://registry.npmjs.org/d3-interpolate 335ms (cache miss)
1692 silly packumentCache full:https://registry.npmjs.org/d3-interpolate set size:undefined disposed:false
1693 silly fetch manifest @types/d3-interpolate@^3.0.1
1694 silly packumentCache full:https://registry.npmjs.org/@types%2fd3-interpolate cache-miss
1695 http fetch GET 200 https://registry.npmjs.org/@types%2fd3-timer 313ms (cache miss)
1696 silly packumentCache full:https://registry.npmjs.org/@types%2fd3-timer set size:undefined disposed:false
1697 http fetch GET 200 https://registry.npmjs.org/@types%2fd3-interpolate 318ms (cache miss)
1698 silly packumentCache full:https://registry.npmjs.org/@types%2fd3-interpolate set size:undefined disposed:false
1699 http fetch GET 200 https://registry.npmjs.org/@types%2fd3-shape 614ms (cache miss)
1700 silly packumentCache full:https://registry.npmjs.org/@types%2fd3-shape set size:undefined disposed:false
1701 silly placeDep ROOT fast-equals@5.4.0 OK for: react-smooth@4.0.4 want: ^5.0.1
1702 silly placeDep ROOT decimal.js-light@2.5.1 OK for: recharts-scale@0.4.5 want: ^2.4.1
1703 silly placeDep ROOT es-errors@1.3.0 OK for: resolve@1.22.12 want: ^1.3.0
1704 silly placeDep ROOT is-core-module@2.16.2 OK for: resolve@1.22.12 want: ^2.16.1
1705 silly placeDep ROOT path-parse@1.0.7 OK for: resolve@1.22.12 want: ^1.0.7
1706 silly placeDep ROOT supports-preserve-symlinks-flag@1.0.0 OK for: resolve@1.22.12 want: ^1.0.0
1707 silly fetch manifest hasown@^2.0.3
1708 silly packumentCache full:https://registry.npmjs.org/hasown cache-miss
1709 http fetch GET 200 https://registry.npmjs.org/hasown 66ms (cache miss)
1710 silly packumentCache full:https://registry.npmjs.org/hasown set size:undefined disposed:false
1711 silly placeDep ROOT hasown@2.0.4 OK for: is-core-module@2.16.2 want: ^2.0.3
1712 silly fetch manifest function-bind@^1.1.2
1713 silly packumentCache full:https://registry.npmjs.org/function-bind cache-miss
1714 http fetch GET 200 https://registry.npmjs.org/function-bind 67ms (cache miss)
1715 silly packumentCache full:https://registry.npmjs.org/function-bind set size:undefined disposed:false
1716 silly placeDep ROOT function-bind@1.1.2 OK for: hasown@2.0.4 want: ^1.1.2
1717 silly placeDep ROOT @isaacs/fs-minipass@4.0.1 OK for: tar@7.5.16 want: ^4.0.0
1718 silly placeDep ROOT chownr@3.0.0 OK for: tar@7.5.16 want: ^3.0.0
1719 silly placeDep ROOT minipass@7.1.3 OK for: tar@7.5.16 want: ^7.1.2
1720 silly placeDep ROOT minizlib@3.1.0 OK for: tar@7.5.16 want: ^3.1.0
1721 silly placeDep node_modules/tar yallist@5.0.0 OK for: tar@7.5.16 want: ^5.0.0
1722 silly fetch manifest minipass@^7.0.4
1723 silly packumentCache full:https://registry.npmjs.org/minipass cache-miss
1724 http cache https://registry.npmjs.org/minipass 16ms (cache hit)
1725 silly packumentCache full:https://registry.npmjs.org/minipass set size:276925 disposed:false
1726 silly placeDep ROOT escalade@3.2.0 OK for: update-browserslist-db@1.2.3 want: ^3.2.0
1727 silly placeDep ROOT detect-node-es@1.1.0 OK for: use-sidecar@1.1.3 want: ^1.1.0
1728 silly placeDep ROOT @types/d3-array@3.2.2 OK for: victory-vendor@36.9.2 want: ^3.0.3
1729 silly placeDep ROOT @types/d3-ease@3.0.2 OK for: victory-vendor@36.9.2 want: ^3.0.0
1730 silly placeDep ROOT @types/d3-interpolate@3.0.4 OK for: victory-vendor@36.9.2 want: ^3.0.1
1731 silly placeDep ROOT @types/d3-scale@4.0.9 OK for: victory-vendor@36.9.2 want: ^4.0.2
1732 silly placeDep ROOT @types/d3-shape@3.1.8 OK for: victory-vendor@36.9.2 want: ^3.1.0
1733 silly placeDep ROOT @types/d3-time@3.0.4 OK for: victory-vendor@36.9.2 want: ^3.0.0
1734 silly placeDep ROOT @types/d3-timer@3.0.2 OK for: victory-vendor@36.9.2 want: ^3.0.0
1735 silly placeDep ROOT d3-array@3.2.4 OK for: victory-vendor@36.9.2 want: ^3.1.6
1736 silly placeDep ROOT d3-ease@3.0.1 OK for: victory-vendor@36.9.2 want: ^3.0.1
1737 silly placeDep ROOT d3-interpolate@3.0.1 OK for: victory-vendor@36.9.2 want: ^3.0.1
1738 silly placeDep ROOT d3-scale@4.0.2 OK for: victory-vendor@36.9.2 want: ^4.0.2
1739 silly placeDep ROOT d3-shape@3.2.0 OK for: victory-vendor@36.9.2 want: ^3.1.0
1740 silly placeDep ROOT d3-time@3.1.0 OK for: victory-vendor@36.9.2 want: ^3.0.0
1741 silly placeDep ROOT d3-timer@3.0.1 OK for: victory-vendor@36.9.2 want: ^3.0.1
1742 silly fetch manifest @types/d3-color@*
1743 silly packumentCache full:https://registry.npmjs.org/@types%2fd3-color cache-miss
1744 silly fetch manifest @types/d3-time@*
1745 silly packumentCache full:https://registry.npmjs.org/@types%2fd3-time cache-miss
1746 silly fetch manifest @types/d3-path@*
1747 silly packumentCache full:https://registry.npmjs.org/@types%2fd3-path cache-miss
1748 http cache https://registry.npmjs.org/@types%2fd3-time 20ms (cache hit)
1749 silly packumentCache full:https://registry.npmjs.org/@types%2fd3-time set size:52652 disposed:false
1750 silly fetch manifest internmap@1 - 2
1751 silly packumentCache full:https://registry.npmjs.org/internmap cache-miss
1752 http fetch GET 200 https://registry.npmjs.org/@types%2fd3-path 97ms (cache miss)
1753 silly packumentCache full:https://registry.npmjs.org/@types%2fd3-path set size:undefined disposed:false
1754 silly fetch manifest d3-color@1 - 3
1755 silly packumentCache full:https://registry.npmjs.org/d3-color cache-miss
1756 http fetch GET 200 https://registry.npmjs.org/internmap 85ms (cache miss)
1757 silly packumentCache full:https://registry.npmjs.org/internmap set size:undefined disposed:false
1758 silly fetch manifest d3-format@1 - 3
1759 silly packumentCache full:https://registry.npmjs.org/d3-format cache-miss
1760 http fetch GET 200 https://registry.npmjs.org/d3-format 79ms (cache miss)
1761 silly packumentCache full:https://registry.npmjs.org/d3-format set size:undefined disposed:false
1762 silly fetch manifest d3-time@2.1.1 - 3
1763 silly packumentCache full:https://registry.npmjs.org/d3-time cache-miss
1764 http cache https://registry.npmjs.org/d3-time 10ms (cache hit)
1765 silly packumentCache full:https://registry.npmjs.org/d3-time set size:150406 disposed:false
1766 silly fetch manifest d3-time-format@2 - 4
1767 silly packumentCache full:https://registry.npmjs.org/d3-time-format cache-miss
1768 http fetch GET 200 https://registry.npmjs.org/@types%2fd3-color 354ms (cache miss)
1769 silly packumentCache full:https://registry.npmjs.org/@types%2fd3-color set size:undefined disposed:false
1770 silly fetch manifest d3-path@^3.1.0
1771 silly packumentCache full:https://registry.npmjs.org/d3-path cache-miss
1772 http fetch GET 200 https://registry.npmjs.org/d3-color 331ms (cache miss)
1773 silly packumentCache full:https://registry.npmjs.org/d3-color set size:undefined disposed:false
1774 http fetch GET 200 https://registry.npmjs.org/d3-path 86ms (cache miss)
1775 silly packumentCache full:https://registry.npmjs.org/d3-path set size:undefined disposed:false
1776 http fetch GET 200 https://registry.npmjs.org/d3-time-format 319ms (cache miss)
1777 silly packumentCache full:https://registry.npmjs.org/d3-time-format set size:undefined disposed:false
1778 silly placeDep ROOT @types/d3-color@3.1.3 OK for: @types/d3-interpolate@3.0.4 want: *
1779 silly placeDep ROOT @types/d3-path@3.1.1 OK for: @types/d3-shape@3.1.8 want: *
1780 silly placeDep ROOT internmap@2.0.3 OK for: d3-array@3.2.4 want: 1 - 2
1781 silly placeDep ROOT d3-color@3.1.0 OK for: d3-interpolate@3.0.1 want: 1 - 3
1782 silly placeDep ROOT d3-format@3.1.2 OK for: d3-scale@4.0.2 want: 1 - 3
1783 silly placeDep ROOT d3-time-format@4.1.0 OK for: d3-scale@4.0.2 want: 2 - 4
1784 silly placeDep ROOT d3-path@3.1.0 OK for: d3-shape@3.2.0 want: ^3.1.0
1785 silly placeDep ROOT esbuild@0.25.12 OK for: vite@6.3.5 want: ^0.25.0
1786 silly placeDep ROOT fdir@6.5.0 OK for: vite@6.3.5 want: ^6.4.4
1787 silly placeDep ROOT fsevents@2.3.3 OK for: vite@6.3.5 want: ~2.3.3
1788 silly placeDep ROOT picomatch@4.0.4 OK for: vite@6.3.5 want: ^4.0.2
1789 silly placeDep ROOT postcss@8.5.15 OK for: vite@6.3.5 want: ^8.5.3
1790 silly placeDep ROOT rollup@4.61.1 OK for: vite@6.3.5 want: ^4.34.9
1791 silly placeDep ROOT tinyglobby@0.2.17 OK for: vite@6.3.5 want: ^0.2.13
1792 silly placeDep ROOT yaml@2.9.0 REPLACE for: vite@6.3.5 want: ^2.4.2
1793 silly fetch manifest @esbuild/aix-ppc64@0.25.12
1794 silly packumentCache full:https://registry.npmjs.org/@esbuild%2faix-ppc64 cache-miss
1795 silly fetch manifest @esbuild/linux-arm@0.25.12
1796 silly packumentCache full:https://registry.npmjs.org/@esbuild%2flinux-arm cache-miss
1797 silly fetch manifest @esbuild/linux-x64@0.25.12
1798 silly packumentCache full:https://registry.npmjs.org/@esbuild%2flinux-x64 cache-miss
1799 http fetch GET 200 https://registry.npmjs.org/@esbuild%2faix-ppc64 91ms (cache miss)
1800 silly packumentCache full:https://registry.npmjs.org/@esbuild%2faix-ppc64 set size:undefined disposed:false
1801 silly fetch manifest @esbuild/sunos-x64@0.25.12
1802 silly packumentCache full:https://registry.npmjs.org/@esbuild%2fsunos-x64 cache-miss
1803 http fetch GET 200 https://registry.npmjs.org/@esbuild%2flinux-x64 123ms (cache miss)
1804 silly packumentCache full:https://registry.npmjs.org/@esbuild%2flinux-x64 set size:undefined disposed:false
1805 silly fetch manifest @esbuild/win32-x64@0.25.12
1806 silly packumentCache full:https://registry.npmjs.org/@esbuild%2fwin32-x64 cache-miss
1807 http fetch GET 200 https://registry.npmjs.org/@esbuild%2fsunos-x64 123ms (cache miss)
1808 silly packumentCache full:https://registry.npmjs.org/@esbuild%2fsunos-x64 set size:undefined disposed:false
1809 silly fetch manifest @esbuild/darwin-x64@0.25.12
1810 silly packumentCache full:https://registry.npmjs.org/@esbuild%2fdarwin-x64 cache-miss
1811 http fetch GET 200 https://registry.npmjs.org/@esbuild%2fwin32-x64 120ms (cache miss)
1812 silly packumentCache full:https://registry.npmjs.org/@esbuild%2fwin32-x64 set size:undefined disposed:false
1813 silly fetch manifest @esbuild/linux-ia32@0.25.12
1814 silly packumentCache full:https://registry.npmjs.org/@esbuild%2flinux-ia32 cache-miss
1815 http fetch GET 200 https://registry.npmjs.org/@esbuild%2fdarwin-x64 97ms (cache miss)
1816 silly packumentCache full:https://registry.npmjs.org/@esbuild%2fdarwin-x64 set size:undefined disposed:false
1817 silly fetch manifest @esbuild/netbsd-x64@0.25.12
1818 silly packumentCache full:https://registry.npmjs.org/@esbuild%2fnetbsd-x64 cache-miss
1819 http fetch GET 200 https://registry.npmjs.org/@esbuild%2flinux-ia32 109ms (cache miss)
1820 silly packumentCache full:https://registry.npmjs.org/@esbuild%2flinux-ia32 set size:undefined disposed:false
1821 silly fetch manifest @esbuild/win32-ia32@0.25.12
1822 silly packumentCache full:https://registry.npmjs.org/@esbuild%2fwin32-ia32 cache-miss
1823 http fetch GET 200 https://registry.npmjs.org/@esbuild%2flinux-arm 374ms (cache miss)
1824 silly packumentCache full:https://registry.npmjs.org/@esbuild%2flinux-arm set size:undefined disposed:false
1825 silly fetch manifest @esbuild/android-arm@0.25.12
1826 silly packumentCache full:https://registry.npmjs.org/@esbuild%2fandroid-arm cache-miss
1827 http fetch GET 200 https://registry.npmjs.org/@esbuild%2fnetbsd-x64 105ms (cache miss)
1828 silly packumentCache full:https://registry.npmjs.org/@esbuild%2fnetbsd-x64 set size:undefined disposed:false
1829 silly fetch manifest @esbuild/android-x64@0.25.12
1830 silly packumentCache full:https://registry.npmjs.org/@esbuild%2fandroid-x64 cache-miss
1831 http fetch GET 200 https://registry.npmjs.org/@esbuild%2fwin32-ia32 109ms (cache miss)
1832 silly packumentCache full:https://registry.npmjs.org/@esbuild%2fwin32-ia32 set size:undefined disposed:false
1833 silly fetch manifest @esbuild/freebsd-x64@0.25.12
1834 silly packumentCache full:https://registry.npmjs.org/@esbuild%2ffreebsd-x64 cache-miss
1835 http fetch GET 200 https://registry.npmjs.org/@esbuild%2fandroid-arm 124ms (cache miss)
1836 silly packumentCache full:https://registry.npmjs.org/@esbuild%2fandroid-arm set size:undefined disposed:false
1837 silly fetch manifest @esbuild/linux-arm64@0.25.12
1838 silly packumentCache full:https://registry.npmjs.org/@esbuild%2flinux-arm64 cache-miss
1839 http fetch GET 200 https://registry.npmjs.org/@esbuild%2fandroid-x64 141ms (cache miss)
1840 silly packumentCache full:https://registry.npmjs.org/@esbuild%2fandroid-x64 set size:undefined disposed:false
1841 silly fetch manifest @esbuild/linux-ppc64@0.25.12
1842 silly packumentCache full:https://registry.npmjs.org/@esbuild%2flinux-ppc64 cache-miss
1843 http fetch GET 200 https://registry.npmjs.org/@esbuild%2ffreebsd-x64 122ms (cache miss)
1844 silly packumentCache full:https://registry.npmjs.org/@esbuild%2ffreebsd-x64 set size:undefined disposed:false
1845 silly fetch manifest @esbuild/linux-s390x@0.25.12
1846 silly packumentCache full:https://registry.npmjs.org/@esbuild%2flinux-s390x cache-miss
1847 http fetch GET 200 https://registry.npmjs.org/@esbuild%2flinux-arm64 113ms (cache miss)
1848 silly packumentCache full:https://registry.npmjs.org/@esbuild%2flinux-arm64 set size:undefined disposed:false
1849 silly fetch manifest @esbuild/openbsd-x64@0.25.12
1850 silly packumentCache full:https://registry.npmjs.org/@esbuild%2fopenbsd-x64 cache-miss
1851 http fetch GET 200 https://registry.npmjs.org/@esbuild%2flinux-ppc64 118ms (cache miss)
1852 silly packumentCache full:https://registry.npmjs.org/@esbuild%2flinux-ppc64 set size:undefined disposed:false
1853 silly fetch manifest @esbuild/win32-arm64@0.25.12
1854 silly packumentCache full:https://registry.npmjs.org/@esbuild%2fwin32-arm64 cache-miss
1855 http fetch GET 200 https://registry.npmjs.org/@esbuild%2fopenbsd-x64 105ms (cache miss)
1856 silly packumentCache full:https://registry.npmjs.org/@esbuild%2fopenbsd-x64 set size:undefined disposed:false
1857 silly fetch manifest @esbuild/darwin-arm64@0.25.12
1858 silly packumentCache full:https://registry.npmjs.org/@esbuild%2fdarwin-arm64 cache-miss
1859 http fetch GET 200 https://registry.npmjs.org/@esbuild%2fwin32-arm64 102ms (cache miss)
1860 silly packumentCache full:https://registry.npmjs.org/@esbuild%2fwin32-arm64 set size:undefined disposed:false
1861 silly fetch manifest @esbuild/netbsd-arm64@0.25.12
1862 silly packumentCache full:https://registry.npmjs.org/@esbuild%2fnetbsd-arm64 cache-miss
1863 http fetch GET 200 https://registry.npmjs.org/@esbuild%2fdarwin-arm64 119ms (cache miss)
1864 silly packumentCache full:https://registry.npmjs.org/@esbuild%2fdarwin-arm64 set size:undefined disposed:false
1865 silly fetch manifest @esbuild/android-arm64@0.25.12
1866 silly packumentCache full:https://registry.npmjs.org/@esbuild%2fandroid-arm64 cache-miss
1867 http fetch GET 200 https://registry.npmjs.org/@esbuild%2flinux-s390x 257ms (cache miss)
1868 silly packumentCache full:https://registry.npmjs.org/@esbuild%2flinux-s390x set size:undefined disposed:false
1869 silly fetch manifest @esbuild/freebsd-arm64@0.25.12
1870 silly packumentCache full:https://registry.npmjs.org/@esbuild%2ffreebsd-arm64 cache-miss
1871 http fetch GET 200 https://registry.npmjs.org/@esbuild%2fnetbsd-arm64 70ms (cache miss)
1872 silly packumentCache full:https://registry.npmjs.org/@esbuild%2fnetbsd-arm64 set size:undefined disposed:false
1873 silly fetch manifest @esbuild/linux-loong64@0.25.12
1874 silly packumentCache full:https://registry.npmjs.org/@esbuild%2flinux-loong64 cache-miss
1875 http fetch GET 200 https://registry.npmjs.org/@esbuild%2ffreebsd-arm64 132ms (cache miss)
1876 silly packumentCache full:https://registry.npmjs.org/@esbuild%2ffreebsd-arm64 set size:undefined disposed:false
1877 silly fetch manifest @esbuild/linux-riscv64@0.25.12
1878 silly packumentCache full:https://registry.npmjs.org/@esbuild%2flinux-riscv64 cache-miss
1879 http fetch GET 200 https://registry.npmjs.org/@esbuild%2fandroid-arm64 151ms (cache miss)
1880 silly packumentCache full:https://registry.npmjs.org/@esbuild%2fandroid-arm64 set size:undefined disposed:false
1881 silly fetch manifest @esbuild/openbsd-arm64@0.25.12
1882 silly packumentCache full:https://registry.npmjs.org/@esbuild%2fopenbsd-arm64 cache-miss
1883 http fetch GET 200 https://registry.npmjs.org/@esbuild%2flinux-loong64 134ms (cache miss)
1884 silly packumentCache full:https://registry.npmjs.org/@esbuild%2flinux-loong64 set size:undefined disposed:false
1885 silly fetch manifest @esbuild/linux-mips64el@0.25.12
1886 silly packumentCache full:https://registry.npmjs.org/@esbuild%2flinux-mips64el cache-miss
1887 http fetch GET 200 https://registry.npmjs.org/@esbuild%2fopenbsd-arm64 88ms (cache miss)
1888 silly packumentCache full:https://registry.npmjs.org/@esbuild%2fopenbsd-arm64 set size:undefined disposed:false
1889 silly fetch manifest @esbuild/openharmony-arm64@0.25.12
1890 silly packumentCache full:https://registry.npmjs.org/@esbuild%2fopenharmony-arm64 cache-miss
1891 http fetch GET 200 https://registry.npmjs.org/@esbuild%2flinux-mips64el 99ms (cache miss)
1892 silly packumentCache full:https://registry.npmjs.org/@esbuild%2flinux-mips64el set size:undefined disposed:false
1893 silly fetch manifest nanoid@^3.3.12
1894 silly packumentCache full:https://registry.npmjs.org/nanoid cache-miss
1895 http fetch GET 200 https://registry.npmjs.org/@esbuild%2flinux-riscv64 130ms (cache miss)
1896 silly packumentCache full:https://registry.npmjs.org/@esbuild%2flinux-riscv64 set size:undefined disposed:false
1897 silly fetch manifest @types/estree@1.0.9
1898 silly packumentCache full:https://registry.npmjs.org/@types%2festree cache-miss
1899 http fetch GET 200 https://registry.npmjs.org/@esbuild%2fopenharmony-arm64 145ms (cache miss)
1900 silly packumentCache full:https://registry.npmjs.org/@esbuild%2fopenharmony-arm64 set size:undefined disposed:false
1901 silly fetch manifest @rollup/rollup-darwin-arm64@4.61.1
1902 silly packumentCache full:https://registry.npmjs.org/@rollup%2frollup-darwin-arm64 cache-miss
1903 http fetch GET 200 https://registry.npmjs.org/@types%2festree 130ms (cache miss)
1904 silly packumentCache full:https://registry.npmjs.org/@types%2festree set size:undefined disposed:false
1905 silly fetch manifest @rollup/rollup-android-arm64@4.61.1
1906 silly packumentCache full:https://registry.npmjs.org/@rollup%2frollup-android-arm64 cache-miss
1907 http fetch GET 200 https://registry.npmjs.org/nanoid 148ms (cache miss)
1908 silly packumentCache full:https://registry.npmjs.org/nanoid set size:undefined disposed:false
1909 silly fetch manifest @rollup/rollup-win32-arm64-msvc@4.61.1
1910 silly packumentCache full:https://registry.npmjs.org/@rollup%2frollup-win32-arm64-msvc cache-miss
1911 http fetch GET 200 https://registry.npmjs.org/@rollup%2frollup-darwin-arm64 133ms (cache miss)
1912 silly packumentCache full:https://registry.npmjs.org/@rollup%2frollup-darwin-arm64 set size:undefined disposed:false
1913 silly fetch manifest @rollup/rollup-freebsd-arm64@4.61.1
1914 silly packumentCache full:https://registry.npmjs.org/@rollup%2frollup-freebsd-arm64 cache-miss
1915 http fetch GET 200 https://registry.npmjs.org/@rollup%2frollup-win32-arm64-msvc 119ms (cache miss)
1916 silly packumentCache full:https://registry.npmjs.org/@rollup%2frollup-win32-arm64-msvc set size:undefined disposed:false
1917 silly fetch manifest @rollup/rollup-linux-arm64-gnu@4.61.1
1918 silly packumentCache full:https://registry.npmjs.org/@rollup%2frollup-linux-arm64-gnu cache-miss
1919 http fetch GET 200 https://registry.npmjs.org/@rollup%2frollup-android-arm64 152ms (cache miss)
1920 silly packumentCache full:https://registry.npmjs.org/@rollup%2frollup-android-arm64 set size:undefined disposed:false
1921 silly fetch manifest @rollup/rollup-linux-arm64-musl@4.61.1
1922 silly packumentCache full:https://registry.npmjs.org/@rollup%2frollup-linux-arm64-musl cache-miss
1923 http fetch GET 200 https://registry.npmjs.org/@rollup%2frollup-freebsd-arm64 114ms (cache miss)
1924 silly packumentCache full:https://registry.npmjs.org/@rollup%2frollup-freebsd-arm64 set size:undefined disposed:false
1925 silly fetch manifest @rollup/rollup-android-arm-eabi@4.61.1
1926 silly packumentCache full:https://registry.npmjs.org/@rollup%2frollup-android-arm-eabi cache-miss
1927 http fetch GET 200 https://registry.npmjs.org/@rollup%2frollup-linux-arm64-gnu 115ms (cache miss)
1928 silly packumentCache full:https://registry.npmjs.org/@rollup%2frollup-linux-arm64-gnu set size:undefined disposed:false
1929 silly fetch manifest @rollup/rollup-linux-arm-gnueabihf@4.61.1
1930 silly packumentCache full:https://registry.npmjs.org/@rollup%2frollup-linux-arm-gnueabihf cache-miss
1931 http fetch GET 200 https://registry.npmjs.org/@rollup%2frollup-linux-arm64-musl 133ms (cache miss)
1932 silly packumentCache full:https://registry.npmjs.org/@rollup%2frollup-linux-arm64-musl set size:undefined disposed:false
1933 silly fetch manifest @rollup/rollup-linux-arm-musleabihf@4.61.1
1934 silly packumentCache full:https://registry.npmjs.org/@rollup%2frollup-linux-arm-musleabihf cache-miss
1935 http fetch GET 200 https://registry.npmjs.org/@rollup%2frollup-android-arm-eabi 123ms (cache miss)
1936 silly packumentCache full:https://registry.npmjs.org/@rollup%2frollup-android-arm-eabi set size:undefined disposed:false
1937 silly fetch manifest @rollup/rollup-win32-ia32-msvc@4.61.1
1938 silly packumentCache full:https://registry.npmjs.org/@rollup%2frollup-win32-ia32-msvc cache-miss
1939 http fetch GET 200 https://registry.npmjs.org/@rollup%2frollup-linux-arm-gnueabihf 111ms (cache miss)
1940 silly packumentCache full:https://registry.npmjs.org/@rollup%2frollup-linux-arm-gnueabihf set size:undefined disposed:false
1941 silly fetch manifest @rollup/rollup-linux-loong64-gnu@4.61.1
1942 silly packumentCache full:https://registry.npmjs.org/@rollup%2frollup-linux-loong64-gnu cache-miss
1943 http fetch GET 200 https://registry.npmjs.org/@rollup%2frollup-linux-arm-musleabihf 121ms (cache miss)
1944 silly packumentCache full:https://registry.npmjs.org/@rollup%2frollup-linux-arm-musleabihf set size:undefined disposed:false
1945 silly fetch manifest @rollup/rollup-linux-loong64-musl@4.61.1
1946 silly packumentCache full:https://registry.npmjs.org/@rollup%2frollup-linux-loong64-musl cache-miss
1947 http fetch GET 200 https://registry.npmjs.org/@rollup%2frollup-linux-loong64-gnu 76ms (cache miss)
1948 silly packumentCache full:https://registry.npmjs.org/@rollup%2frollup-linux-loong64-gnu set size:undefined disposed:false
1949 silly fetch manifest @rollup/rollup-linux-riscv64-gnu@4.61.1
1950 silly packumentCache full:https://registry.npmjs.org/@rollup%2frollup-linux-riscv64-gnu cache-miss
1951 http fetch GET 200 https://registry.npmjs.org/@rollup%2frollup-win32-ia32-msvc 134ms (cache miss)
1952 silly packumentCache full:https://registry.npmjs.org/@rollup%2frollup-win32-ia32-msvc set size:undefined disposed:false
1953 silly fetch manifest @rollup/rollup-linux-riscv64-musl@4.61.1
1954 silly packumentCache full:https://registry.npmjs.org/@rollup%2frollup-linux-riscv64-musl cache-miss
1955 http fetch GET 200 https://registry.npmjs.org/@rollup%2frollup-linux-loong64-musl 92ms (cache miss)
1956 silly packumentCache full:https://registry.npmjs.org/@rollup%2frollup-linux-loong64-musl set size:undefined disposed:false
1957 silly fetch manifest @rollup/rollup-linux-ppc64-gnu@4.61.1
1958 silly packumentCache full:https://registry.npmjs.org/@rollup%2frollup-linux-ppc64-gnu cache-miss
1959 http fetch GET 200 https://registry.npmjs.org/@rollup%2frollup-linux-riscv64-gnu 112ms (cache miss)
1960 silly packumentCache full:https://registry.npmjs.org/@rollup%2frollup-linux-riscv64-gnu set size:undefined disposed:false
1961 silly fetch manifest @rollup/rollup-linux-ppc64-musl@4.61.1
1962 silly packumentCache full:https://registry.npmjs.org/@rollup%2frollup-linux-ppc64-musl cache-miss
1963 http fetch GET 200 https://registry.npmjs.org/@rollup%2frollup-linux-ppc64-gnu 134ms (cache miss)
1964 silly packumentCache full:https://registry.npmjs.org/@rollup%2frollup-linux-ppc64-gnu set size:undefined disposed:false
1965 silly fetch manifest @rollup/rollup-linux-s390x-gnu@4.61.1
1966 silly packumentCache full:https://registry.npmjs.org/@rollup%2frollup-linux-s390x-gnu cache-miss
1967 http fetch GET 200 https://registry.npmjs.org/@rollup%2frollup-linux-riscv64-musl 183ms (cache miss)
1968 silly packumentCache full:https://registry.npmjs.org/@rollup%2frollup-linux-riscv64-musl set size:undefined disposed:false
1969 silly fetch manifest @rollup/rollup-darwin-x64@4.61.1
1970 silly packumentCache full:https://registry.npmjs.org/@rollup%2frollup-darwin-x64 cache-miss
1971 http fetch GET 200 https://registry.npmjs.org/@rollup%2frollup-linux-ppc64-musl 128ms (cache miss)
1972 silly packumentCache full:https://registry.npmjs.org/@rollup%2frollup-linux-ppc64-musl set size:undefined disposed:false
1973 silly fetch manifest @rollup/rollup-win32-x64-gnu@4.61.1
1974 silly packumentCache full:https://registry.npmjs.org/@rollup%2frollup-win32-x64-gnu cache-miss
1975 http fetch GET 200 https://registry.npmjs.org/@rollup%2frollup-linux-s390x-gnu 143ms (cache miss)
1976 silly packumentCache full:https://registry.npmjs.org/@rollup%2frollup-linux-s390x-gnu set size:undefined disposed:false
1977 silly fetch manifest @rollup/rollup-win32-x64-msvc@4.61.1
1978 silly packumentCache full:https://registry.npmjs.org/@rollup%2frollup-win32-x64-msvc cache-miss
1979 http fetch GET 200 https://registry.npmjs.org/@rollup%2frollup-win32-x64-gnu 99ms (cache miss)
1980 silly packumentCache full:https://registry.npmjs.org/@rollup%2frollup-win32-x64-gnu set size:undefined disposed:false
1981 silly fetch manifest @rollup/rollup-freebsd-x64@4.61.1
1982 silly packumentCache full:https://registry.npmjs.org/@rollup%2frollup-freebsd-x64 cache-miss
1983 http fetch GET 200 https://registry.npmjs.org/@rollup%2frollup-darwin-x64 143ms (cache miss)
1984 silly packumentCache full:https://registry.npmjs.org/@rollup%2frollup-darwin-x64 set size:undefined disposed:false
1985 silly fetch manifest @rollup/rollup-linux-x64-gnu@4.61.1
1986 silly packumentCache full:https://registry.npmjs.org/@rollup%2frollup-linux-x64-gnu cache-miss
1987 http fetch GET 200 https://registry.npmjs.org/@rollup%2frollup-win32-x64-msvc 112ms (cache miss)
1988 silly packumentCache full:https://registry.npmjs.org/@rollup%2frollup-win32-x64-msvc set size:undefined disposed:false
1989 silly fetch manifest @rollup/rollup-linux-x64-musl@4.61.1
1990 silly packumentCache full:https://registry.npmjs.org/@rollup%2frollup-linux-x64-musl cache-miss
1991 http fetch GET 200 https://registry.npmjs.org/@rollup%2frollup-freebsd-x64 118ms (cache miss)
1992 silly packumentCache full:https://registry.npmjs.org/@rollup%2frollup-freebsd-x64 set size:undefined disposed:false
1993 silly fetch manifest @rollup/rollup-openbsd-x64@4.61.1
1994 silly packumentCache full:https://registry.npmjs.org/@rollup%2frollup-openbsd-x64 cache-miss
1995 http fetch GET 200 https://registry.npmjs.org/@rollup%2frollup-linux-x64-gnu 122ms (cache miss)
1996 silly packumentCache full:https://registry.npmjs.org/@rollup%2frollup-linux-x64-gnu set size:undefined disposed:false
1997 silly fetch manifest @rollup/rollup-openharmony-arm64@4.61.1
1998 silly packumentCache full:https://registry.npmjs.org/@rollup%2frollup-openharmony-arm64 cache-miss
1999 http fetch GET 200 https://registry.npmjs.org/@rollup%2frollup-linux-x64-musl 102ms (cache miss)
2000 silly packumentCache full:https://registry.npmjs.org/@rollup%2frollup-linux-x64-musl set size:undefined disposed:false
2001 http fetch GET 200 https://registry.npmjs.org/@rollup%2frollup-openbsd-x64 104ms (cache miss)
2002 silly packumentCache full:https://registry.npmjs.org/@rollup%2frollup-openbsd-x64 set size:undefined disposed:false
2003 http fetch GET 200 https://registry.npmjs.org/@rollup%2frollup-openharmony-arm64 89ms (cache miss)
2004 silly packumentCache full:https://registry.npmjs.org/@rollup%2frollup-openharmony-arm64 set size:undefined disposed:false
2005 silly placeDep node_modules/cosmiconfig yaml@1.10.3 OK for: cosmiconfig@7.1.0 want: ^1.10.0
2006 silly placeDep ROOT @esbuild/aix-ppc64@0.25.12 OK for: esbuild@0.25.12 want: 0.25.12
2007 silly placeDep ROOT @esbuild/android-arm@0.25.12 OK for: esbuild@0.25.12 want: 0.25.12
2008 silly placeDep ROOT @esbuild/android-arm64@0.25.12 OK for: esbuild@0.25.12 want: 0.25.12
2009 silly placeDep ROOT @esbuild/android-x64@0.25.12 OK for: esbuild@0.25.12 want: 0.25.12
2010 silly placeDep ROOT @esbuild/darwin-arm64@0.25.12 OK for: esbuild@0.25.12 want: 0.25.12
2011 silly placeDep ROOT @esbuild/darwin-x64@0.25.12 OK for: esbuild@0.25.12 want: 0.25.12
2012 silly placeDep ROOT @esbuild/freebsd-arm64@0.25.12 OK for: esbuild@0.25.12 want: 0.25.12
2013 silly placeDep ROOT @esbuild/freebsd-x64@0.25.12 OK for: esbuild@0.25.12 want: 0.25.12
2014 silly placeDep ROOT @esbuild/linux-arm@0.25.12 OK for: esbuild@0.25.12 want: 0.25.12
2015 silly placeDep ROOT @esbuild/linux-arm64@0.25.12 OK for: esbuild@0.25.12 want: 0.25.12
2016 silly placeDep ROOT @esbuild/linux-ia32@0.25.12 OK for: esbuild@0.25.12 want: 0.25.12
2017 silly placeDep ROOT @esbuild/linux-loong64@0.25.12 OK for: esbuild@0.25.12 want: 0.25.12
2018 silly placeDep ROOT @esbuild/linux-mips64el@0.25.12 OK for: esbuild@0.25.12 want: 0.25.12
2019 silly placeDep ROOT @esbuild/linux-ppc64@0.25.12 OK for: esbuild@0.25.12 want: 0.25.12
2020 silly placeDep ROOT @esbuild/linux-riscv64@0.25.12 OK for: esbuild@0.25.12 want: 0.25.12
2021 silly placeDep ROOT @esbuild/linux-s390x@0.25.12 OK for: esbuild@0.25.12 want: 0.25.12
2022 silly placeDep ROOT @esbuild/linux-x64@0.25.12 OK for: esbuild@0.25.12 want: 0.25.12
2023 silly placeDep ROOT @esbuild/netbsd-arm64@0.25.12 OK for: esbuild@0.25.12 want: 0.25.12
2024 silly placeDep ROOT @esbuild/netbsd-x64@0.25.12 OK for: esbuild@0.25.12 want: 0.25.12
2025 silly placeDep ROOT @esbuild/openbsd-arm64@0.25.12 OK for: esbuild@0.25.12 want: 0.25.12
2026 silly placeDep ROOT @esbuild/openbsd-x64@0.25.12 OK for: esbuild@0.25.12 want: 0.25.12
2027 silly placeDep ROOT @esbuild/openharmony-arm64@0.25.12 OK for: esbuild@0.25.12 want: 0.25.12
2028 silly placeDep ROOT @esbuild/sunos-x64@0.25.12 OK for: esbuild@0.25.12 want: 0.25.12
2029 silly placeDep ROOT @esbuild/win32-arm64@0.25.12 OK for: esbuild@0.25.12 want: 0.25.12
2030 silly placeDep ROOT @esbuild/win32-ia32@0.25.12 OK for: esbuild@0.25.12 want: 0.25.12
2031 silly placeDep ROOT @esbuild/win32-x64@0.25.12 OK for: esbuild@0.25.12 want: 0.25.12
2032 silly placeDep ROOT nanoid@3.3.12 OK for: postcss@8.5.15 want: ^3.3.12
2033 silly placeDep ROOT @rollup/rollup-android-arm-eabi@4.61.1 OK for: rollup@4.61.1 want: 4.61.1
2034 silly placeDep ROOT @rollup/rollup-android-arm64@4.61.1 OK for: rollup@4.61.1 want: 4.61.1
2035 silly placeDep ROOT @rollup/rollup-darwin-arm64@4.61.1 OK for: rollup@4.61.1 want: 4.61.1
2036 silly placeDep ROOT @rollup/rollup-darwin-x64@4.61.1 OK for: rollup@4.61.1 want: 4.61.1
2037 silly placeDep ROOT @rollup/rollup-freebsd-arm64@4.61.1 OK for: rollup@4.61.1 want: 4.61.1
2038 silly placeDep ROOT @rollup/rollup-freebsd-x64@4.61.1 OK for: rollup@4.61.1 want: 4.61.1
2039 silly placeDep ROOT @rollup/rollup-linux-arm-gnueabihf@4.61.1 OK for: rollup@4.61.1 want: 4.61.1
2040 silly placeDep ROOT @rollup/rollup-linux-arm-musleabihf@4.61.1 OK for: rollup@4.61.1 want: 4.61.1
2041 silly placeDep ROOT @rollup/rollup-linux-arm64-gnu@4.61.1 OK for: rollup@4.61.1 want: 4.61.1
2042 silly placeDep ROOT @rollup/rollup-linux-arm64-musl@4.61.1 OK for: rollup@4.61.1 want: 4.61.1
2043 silly placeDep ROOT @rollup/rollup-linux-loong64-gnu@4.61.1 OK for: rollup@4.61.1 want: 4.61.1
2044 silly placeDep ROOT @rollup/rollup-linux-loong64-musl@4.61.1 OK for: rollup@4.61.1 want: 4.61.1
2045 silly placeDep ROOT @rollup/rollup-linux-ppc64-gnu@4.61.1 OK for: rollup@4.61.1 want: 4.61.1
2046 silly placeDep ROOT @rollup/rollup-linux-ppc64-musl@4.61.1 OK for: rollup@4.61.1 want: 4.61.1
2047 silly placeDep ROOT @rollup/rollup-linux-riscv64-gnu@4.61.1 OK for: rollup@4.61.1 want: 4.61.1
2048 silly placeDep ROOT @rollup/rollup-linux-riscv64-musl@4.61.1 OK for: rollup@4.61.1 want: 4.61.1
2049 silly placeDep ROOT @rollup/rollup-linux-s390x-gnu@4.61.1 OK for: rollup@4.61.1 want: 4.61.1
2050 silly placeDep ROOT @rollup/rollup-linux-x64-gnu@4.61.1 OK for: rollup@4.61.1 want: 4.61.1
2051 silly placeDep ROOT @rollup/rollup-linux-x64-musl@4.61.1 OK for: rollup@4.61.1 want: 4.61.1
2052 silly placeDep ROOT @rollup/rollup-openbsd-x64@4.61.1 OK for: rollup@4.61.1 want: 4.61.1
2053 silly placeDep ROOT @rollup/rollup-openharmony-arm64@4.61.1 OK for: rollup@4.61.1 want: 4.61.1
2054 silly placeDep ROOT @rollup/rollup-win32-arm64-msvc@4.61.1 OK for: rollup@4.61.1 want: 4.61.1
2055 silly placeDep ROOT @rollup/rollup-win32-ia32-msvc@4.61.1 OK for: rollup@4.61.1 want: 4.61.1
2056 silly placeDep ROOT @rollup/rollup-win32-x64-gnu@4.61.1 OK for: rollup@4.61.1 want: 4.61.1
2057 silly placeDep ROOT @rollup/rollup-win32-x64-msvc@4.61.1 OK for: rollup@4.61.1 want: 4.61.1
2058 silly placeDep ROOT @types/estree@1.0.9 OK for: rollup@4.61.1 want: 1.0.9
2059 silly placeDep ROOT adler-32@1.3.1 OK for: xlsx@0.18.5 want: ~1.3.0
2060 silly placeDep ROOT cfb@1.2.2 OK for: xlsx@0.18.5 want: ~1.2.1
2061 silly placeDep ROOT codepage@1.15.0 OK for: xlsx@0.18.5 want: ~1.15.0
2062 silly placeDep ROOT crc-32@1.2.2 OK for: xlsx@0.18.5 want: ~1.2.1
2063 silly placeDep ROOT ssf@0.11.2 OK for: xlsx@0.18.5 want: ~0.11.2
2064 silly placeDep ROOT wmf@1.0.2 OK for: xlsx@0.18.5 want: ~1.0.1
2065 silly placeDep ROOT word@0.3.0 OK for: xlsx@0.18.5 want: ~0.3.0
2066 silly fetch manifest crc-32@~1.2.0
2067 silly packumentCache full:https://registry.npmjs.org/crc-32 cache-miss
2068 silly fetch manifest frac@~1.1.2
2069 silly packumentCache full:https://registry.npmjs.org/frac cache-miss
2070 http cache https://registry.npmjs.org/crc-32 11ms (cache hit)
2071 silly packumentCache full:https://registry.npmjs.org/crc-32 set size:32170 disposed:false
2072 http fetch GET 200 https://registry.npmjs.org/frac 407ms (cache miss)
2073 silly packumentCache full:https://registry.npmjs.org/frac set size:undefined disposed:false
2074 silly placeDep ROOT frac@1.1.2 OK for: ssf@0.11.2 want: ~1.1.2
2075 silly reify moves {}
2076 silly audit bulk request {
2076 silly audit   '@emotion/react': [ '11.14.0' ],
2076 silly audit   react: [ '18.3.1' ],
2076 silly audit   '@emotion/styled': [ '11.14.1' ],
2076 silly audit   '@mui/icons-material': [ '7.3.5' ],
2076 silly audit   '@mui/material': [ '7.3.5' ],
2076 silly audit   'react-dom': [ '18.3.1' ],
2076 silly audit   '@popperjs/core': [ '2.11.8' ],
2076 silly audit   '@radix-ui/react-accordion': [ '1.2.3' ],
2076 silly audit   '@radix-ui/react-alert-dialog': [ '1.1.6' ],
2076 silly audit   '@radix-ui/react-aspect-ratio': [ '1.1.2' ],
2076 silly audit   '@radix-ui/react-avatar': [ '1.1.3' ],
2076 silly audit   '@radix-ui/react-checkbox': [ '1.1.4' ],
2076 silly audit   '@radix-ui/react-collapsible': [ '1.1.3' ],
2076 silly audit   '@radix-ui/react-context-menu': [ '2.2.6' ],
2076 silly audit   '@radix-ui/react-dialog': [ '1.1.6' ],
2076 silly audit   '@radix-ui/react-dropdown-menu': [ '2.1.6' ],
2076 silly audit   '@radix-ui/react-hover-card': [ '1.1.6' ],
2076 silly audit   '@radix-ui/react-label': [ '2.1.2' ],
2076 silly audit   '@radix-ui/react-menubar': [ '1.1.6' ],
2076 silly audit   '@radix-ui/react-navigation-menu': [ '1.2.5' ],
2076 silly audit   '@radix-ui/react-popover': [ '1.1.6' ],
2076 silly audit   '@radix-ui/react-progress': [ '1.1.2' ],
2076 silly audit   '@radix-ui/react-radio-group': [ '1.2.3' ],
2076 silly audit   '@radix-ui/react-scroll-area': [ '1.2.3' ],
2076 silly audit   '@radix-ui/react-select': [ '2.1.6' ],
2076 silly audit   '@radix-ui/react-separator': [ '1.1.2' ],
2076 silly audit   '@radix-ui/react-slider': [ '1.2.3' ],
2076 silly audit   '@radix-ui/react-slot': [ '1.1.2' ],
2076 silly audit   '@radix-ui/react-switch': [ '1.1.3' ],
2076 silly audit   '@radix-ui/react-tabs': [ '1.1.3' ],
2076 silly audit   '@radix-ui/react-toggle': [ '1.1.2' ],
2076 silly audit   '@radix-ui/react-toggle-group': [ '1.1.2' ],
2076 silly audit   '@radix-ui/react-tooltip': [ '1.1.8' ],
2076 silly audit   '@tailwindcss/vite': [ '4.1.12' ],
2076 silly audit   vite: [ '6.3.5' ],
2076 silly audit   '@vitejs/plugin-react': [ '4.7.0' ],
2076 silly audit   'canvas-confetti': [ '1.9.4' ],
2076 silly audit   'class-variance-authority': [ '0.7.1' ],
2076 silly audit   clsx: [ '2.1.1' ],
2076 silly audit   cmdk: [ '1.1.1' ],
2076 silly audit   'date-fns': [ '3.6.0' ],
2076 silly audit   'embla-carousel-react': [ '8.6.0' ],
2076 silly audit   'input-otp': [ '1.4.2' ],
2076 silly audit   'lucide-react': [ '0.487.0' ],
2076 silly audit   motion: [ '12.23.24' ],
2076 silly audit   'next-themes': [ '0.4.6' ],
2076 silly audit   'qrcode.react': [ '4.2.0' ],
2076 silly audit   'react-day-picker': [ '8.10.1' ],
2076 silly audit   'react-dnd': [ '16.0.1' ],
2076 silly audit   'react-dnd-html5-backend': [ '16.0.1' ],
2076 silly audit   'react-hook-form': [ '7.55.0' ],
2076 silly audit   'react-popper': [ '2.3.0' ],
2076 silly audit   'react-resizable-panels': [ '2.1.7' ],
2076 silly audit   'react-responsive-masonry': [ '2.7.1' ],
2076 silly audit   'react-router': [ '7.13.0' ],
2076 silly audit   'react-slick': [ '0.31.0' ],
2076 silly audit   recharts: [ '2.15.2' ],
2076 silly audit   sonner: [ '2.0.3' ],
2076 silly audit   'tailwind-merge': [ '3.2.0' ],
2076 silly audit   tailwindcss: [ '4.1.12' ],
2076 silly audit   'tw-animate-css': [ '1.3.8' ],
2076 silly audit   vaul: [ '1.1.2' ],
2076 silly audit   xlsx: [ '0.18.5' ],
2076 silly audit   '@babel/runtime': [ '7.29.7' ],
2076 silly audit   '@emotion/babel-plugin': [ '11.13.5' ],
2076 silly audit   '@emotion/cache': [ '11.14.0' ],
2076 silly audit   '@emotion/serialize': [ '1.3.3' ],
2076 silly audit   '@emotion/use-insertion-effect-with-fallbacks': [ '1.2.0' ],
2076 silly audit   '@emotion/utils': [ '1.4.2' ],
2076 silly audit   '@emotion/weak-memoize': [ '0.4.0' ],
2076 silly audit   'hoist-non-react-statics': [ '3.3.2' ],
2076 silly audit   '@babel/helper-module-imports': [ '7.29.7' ],
2076 silly audit   '@emotion/hash': [ '0.9.2' ],
2076 silly audit   '@emotion/memoize': [ '0.9.0' ],
2076 silly audit   'babel-plugin-macros': [ '3.1.0' ],
2076 silly audit   'convert-source-map': [ '1.9.0', '2.0.0' ],
2076 silly audit   'escape-string-regexp': [ '4.0.0' ],
2076 silly audit   'find-root': [ '1.1.0' ],
2076 silly audit   'source-map': [ '0.5.7' ],
2076 silly audit   stylis: [ '4.2.0' ],
2076 silly audit   '@babel/traverse': [ '7.29.7' ],
2076 silly audit   '@babel/types': [ '7.29.7' ],
2076 silly audit   '@babel/code-frame': [ '7.29.7' ],
2076 silly audit   '@babel/generator': [ '7.29.7' ],
2076 silly audit   '@babel/helper-globals': [ '7.29.7' ],
2076 silly audit   '@babel/parser': [ '7.29.7' ],
2076 silly audit   '@babel/template': [ '7.29.7' ],
2076 silly audit   debug: [ '4.4.3' ],
2076 silly audit   '@babel/helper-validator-identifier': [ '7.29.7' ],
2076 silly audit   'js-tokens': [ '4.0.0' ],
2076 silly audit   picocolors: [ '1.1.1' ],
2076 silly audit   '@jridgewell/gen-mapping': [ '0.3.13' ],
2076 silly audit   '@jridgewell/trace-mapping': [ '0.3.31' ],
2076 silly audit   jsesc: [ '3.1.0' ],
2076 silly audit   '@babel/helper-string-parser': [ '7.29.7' ],
2076 silly audit   '@emotion/sheet': [ '1.4.0' ],
2076 silly audit   '@emotion/unitless': [ '0.10.0' ],
2076 silly audit   csstype: [ '3.2.3' ],
2076 silly audit   '@emotion/is-prop-valid': [ '1.4.0' ],
2076 silly audit   '@jridgewell/sourcemap-codec': [ '1.5.5' ],
2076 silly audit   '@jridgewell/resolve-uri': [ '3.1.2' ],
2076 silly audit   '@mui/core-downloads-tracker': [ '7.3.11' ],
2076 silly audit   '@mui/system': [ '7.3.11' ],
2076 silly audit   '@mui/types': [ '7.4.12' ],
2076 silly audit   '@mui/utils': [ '7.3.11' ],
2076 silly audit   '@types/react-transition-group': [ '4.4.12' ],
2076 silly audit   '@types/react': [ '19.2.17' ],
2076 silly audit   'prop-types': [ '15.8.1' ],
2076 silly audit   'react-is': [ '19.2.7', '16.13.1', '18.3.1' ],
2076 silly audit   'react-transition-group': [ '4.4.5' ],
2076 silly audit   '@mui/private-theming': [ '7.3.11' ],
2076 silly audit   '@mui/styled-engine': [ '7.3.10' ],
2076 silly audit   '@types/prop-types': [ '15.7.15' ],
2076 silly audit   '@radix-ui/primitive': [ '1.1.1' ],
2076 silly audit   '@radix-ui/react-collection': [ '1.1.2' ],
2076 silly audit   '@radix-ui/react-compose-refs': [ '1.1.1' ],
2076 silly audit   '@radix-ui/react-context': [ '1.1.1' ],
2076 silly audit   '@radix-ui/react-direction': [ '1.1.0' ],
2076 silly audit   '@radix-ui/react-id': [ '1.1.0' ],
2076 silly audit   '@radix-ui/react-primitive': [ '2.0.2' ],
2076 silly audit   '@radix-ui/react-use-controllable-state': [ '1.1.0' ],
2076 silly audit   '@radix-ui/react-use-callback-ref': [ '1.1.0' ],
2076 silly audit   '@radix-ui/react-use-layout-effect': [ '1.1.0' ],
2076 silly audit   '@radix-ui/react-presence': [ '1.1.2' ],
2076 silly audit   '@radix-ui/react-use-previous': [ '1.1.0' ],
2076 silly audit   '@radix-ui/react-use-size': [ '1.1.0' ],
2076 silly audit   '@radix-ui/react-menu': [ '2.1.6' ],
2076 silly audit   '@radix-ui/react-dismissable-layer': [ '1.1.5' ],
2076 silly audit   '@radix-ui/react-focus-guards': [ '1.1.1' ],
2076 silly audit   '@radix-ui/react-focus-scope': [ '1.1.2' ],
2076 silly audit   '@radix-ui/react-portal': [ '1.1.4' ],
2076 silly audit   'aria-hidden': [ '1.2.6' ],
2076 silly audit   'react-remove-scroll': [ '2.7.2' ],
2076 silly audit   '@radix-ui/react-use-escape-keydown': [ '1.1.0' ],
2076 silly audit   '@radix-ui/react-popper': [ '1.2.2' ],
2076 silly audit   '@radix-ui/react-roving-focus': [ '1.1.2' ],
2076 silly audit   '@radix-ui/react-visually-hidden': [ '1.1.2' ],
2076 silly audit   '@floating-ui/react-dom': [ '2.1.8' ],
2076 silly audit   '@radix-ui/react-arrow': [ '1.1.2' ],
2076 silly audit   '@radix-ui/react-use-rect': [ '1.1.0' ],
2076 silly audit   '@radix-ui/rect': [ '1.1.0' ],
2076 silly audit   '@floating-ui/dom': [ '1.7.6' ],
2076 silly audit   '@floating-ui/core': [ '1.7.5' ],
2076 silly audit   '@floating-ui/utils': [ '0.2.11' ],
2076 silly audit   '@radix-ui/number': [ '1.1.0' ],
2076 silly audit   '@tailwindcss/node': [ '4.1.12' ],
2076 silly audit   '@tailwindcss/oxide': [ '4.1.12' ],
2076 silly audit   '@jridgewell/remapping': [ '2.3.5' ],
2076 silly audit   'enhanced-resolve': [ '5.23.0' ],
2076 silly audit   jiti: [ '2.7.0' ],
2076 silly audit   lightningcss: [ '1.30.1' ],
2076 silly audit   'magic-string': [ '0.30.21' ],
2076 silly audit   'source-map-js': [ '1.2.1' ],
2076 silly audit   '@tailwindcss/oxide-android-arm64': [ '4.1.12' ],
2076 silly audit   '@tailwindcss/oxide-darwin-arm64': [ '4.1.12' ],
2076 silly audit   '@tailwindcss/oxide-darwin-x64': [ '4.1.12' ],
2076 silly audit   '@tailwindcss/oxide-freebsd-x64': [ '4.1.12' ],
2076 silly audit   '@tailwindcss/oxide-linux-arm-gnueabihf': [ '4.1.12' ],
2076 silly audit   '@tailwindcss/oxide-linux-arm64-gnu': [ '4.1.12' ],
2076 silly audit   '@tailwindcss/oxide-linux-arm64-musl': [ '4.1.12' ],
2076 silly audit   '@tailwindcss/oxide-linux-x64-gnu': [ '4.1.12' ],
2076 silly audit   '@tailwindcss/oxide-linux-x64-musl': [ '4.1.12' ],
2076 silly audit   '@tailwindcss/oxide-wasm32-wasi': [ '4.1.12' ],
2076 silly audit   '@tailwindcss/oxide-win32-arm64-msvc': [ '4.1.12' ],
2076 silly audit   '@tailwindcss/oxide-win32-x64-msvc': [ '4.1.12' ],
2076 silly audit   'detect-libc': [ '2.1.2' ],
2076 silly audit   tar: [ '7.5.16' ],
2076 silly audit   '@babel/core': [ '7.29.7' ],
2076 silly audit   '@babel/plugin-transform-react-jsx-self': [ '7.29.7' ],
2076 silly audit   '@babel/plugin-transform-react-jsx-source': [ '7.29.7' ],
2076 silly audit   '@rolldown/pluginutils': [ '1.0.0-beta.27' ],
2076 silly audit   '@types/babel__core': [ '7.20.5' ],
2076 silly audit   'react-refresh': [ '0.17.0' ],
2076 silly audit   '@babel/helper-compilation-targets': [ '7.29.7' ],
2076 silly audit   '@babel/helper-module-transforms': [ '7.29.7' ],
2076 silly audit   '@babel/helpers': [ '7.29.7' ],
2076 silly audit   gensync: [ '1.0.0-beta.2' ],
2076 silly audit   json5: [ '2.2.3' ],
2076 silly audit   semver: [ '6.3.1' ],
2076 silly audit   '@babel/compat-data': [ '7.29.7' ],
2076 silly audit   '@babel/helper-validator-option': [ '7.29.7' ],
2076 silly audit   browserslist: [ '4.28.2' ],
2076 silly audit   'lru-cache': [ '5.1.1' ],
2076 silly audit   '@babel/helper-plugin-utils': [ '7.29.7' ],
2076 silly audit   '@types/babel__generator': [ '7.27.0' ],
2076 silly audit   '@types/babel__template': [ '7.4.4' ],
2076 silly audit   '@types/babel__traverse': [ '7.28.0' ],
2076 silly audit   tslib: [ '2.8.1' ],
2076 silly audit   cosmiconfig: [ '7.1.0' ],
2076 silly audit   resolve: [ '1.22.12' ],
2076 silly audit   'baseline-browser-mapping': [ '2.10.34' ],
2076 silly audit   'caniuse-lite': [ '1.0.30001797' ],
2076 silly audit   'electron-to-chromium': [ '1.5.368' ],
2076 silly audit   'node-releases': [ '2.0.47' ],
2076 silly audit   'update-browserslist-db': [ '1.2.3' ],
2076 silly audit   '@types/parse-json': [ '4.0.2' ],
2076 silly audit   'import-fresh': [ '3.3.1' ],
2076 silly audit   'parse-json': [ '5.2.0' ],
2076 silly audit   'path-type': [ '4.0.0' ],
2076 silly audit   ms: [ '2.1.3' ],
2076 silly audit   'embla-carousel': [ '8.6.0' ],
2076 silly audit   'embla-carousel-reactive-utils': [ '8.6.0' ],
2076 silly audit   'graceful-fs': [ '4.2.11' ],
2076 silly audit   tapable: [ '2.3.3' ],
2076 silly audit   'parent-module': [ '1.0.1' ],
2076 silly audit   'resolve-from': [ '4.0.0' ],
2076 silly audit   'lightningcss-darwin-arm64': [ '1.30.1' ],
2076 silly audit   'lightningcss-darwin-x64': [ '1.30.1' ],
2076 silly audit   'lightningcss-freebsd-x64': [ '1.30.1' ],
2076 silly audit   'lightningcss-linux-arm-gnueabihf': [ '1.30.1' ],
2076 silly audit   'lightningcss-linux-arm64-gnu': [ '1.30.1' ],
2076 silly audit   'lightningcss-linux-arm64-musl': [ '1.30.1' ],
2076 silly audit   'lightningcss-linux-x64-gnu': [ '1.30.1' ],
2076 silly audit   'lightningcss-linux-x64-musl': [ '1.30.1' ],
2076 silly audit   'lightningcss-win32-arm64-msvc': [ '1.30.1' ],
2076 silly audit   'lightningcss-win32-x64-msvc': [ '1.30.1' ],
2076 silly audit   yallist: [ '3.1.1', '5.0.0' ],
2076 silly audit   'framer-motion': [ '12.40.0' ],
2076 silly audit   'motion-dom': [ '12.40.0' ],
2076 silly audit   'motion-utils': [ '12.39.0' ],
2076 silly audit   callsites: [ '3.1.0' ],
2076 silly audit   'error-ex': [ '1.3.4' ],
2076 silly audit   'json-parse-even-better-errors': [ '2.3.1' ],
2076 silly audit   'lines-and-columns': [ '1.2.4' ],
2076 silly audit   'is-arrayish': [ '0.2.1' ],
2076 silly audit   'loose-envify': [ '1.4.0' ],
2076 silly audit   'object-assign': [ '4.1.1' ],
2076 silly audit   '@react-dnd/invariant': [ '4.0.2' ],
2076 silly audit   '@react-dnd/shallowequal': [ '4.0.2' ],
2076 silly audit   'dnd-core': [ '16.0.1' ],
2076 silly audit   'fast-deep-equal': [ '3.1.3' ],
2076 silly audit   '@react-dnd/asap': [ '5.0.2' ],
2076 silly audit   redux: [ '4.2.1' ],
2076 silly audit   scheduler: [ '0.23.2' ],
2076 silly audit   'react-fast-compare': [ '3.2.2' ],
2076 silly audit   warning: [ '4.0.3' ],
2076 silly audit   'react-remove-scroll-bar': [ '2.3.8' ],
2076 silly audit   'react-style-singleton': [ '2.2.3' ],
2076 silly audit   'use-callback-ref': [ '1.3.3' ],
2076 silly audit   'use-sidecar': [ '1.1.3' ],
2076 silly audit   cookie: [ '1.1.1' ],
2076 silly audit   'set-cookie-parser': [ '2.7.2' ],
2076 silly audit   classnames: [ '2.5.1' ],
2076 silly audit   json2mq: [ '0.2.0' ],
2076 silly audit   'lodash.debounce': [ '4.0.8' ],
2076 silly audit   'resize-observer-polyfill': [ '1.5.1' ],
2076 silly audit   'string-convert': [ '0.2.1' ],
2076 silly audit   'get-nonce': [ '1.0.1' ],
2076 silly audit   'dom-helpers': [ '5.2.1' ],
2076 silly audit   eventemitter3: [ '4.0.7' ],
2076 silly audit   lodash: [ '4.18.1' ],
2076 silly audit   'react-smooth': [ '4.0.4' ],
2076 silly audit   'recharts-scale': [ '0.4.5' ],
2076 silly audit   'tiny-invariant': [ '1.3.3' ],
2076 silly audit   'victory-vendor': [ '36.9.2' ],
2076 silly audit   'fast-equals': [ '5.4.0' ],
2076 silly audit   'decimal.js-light': [ '2.5.1' ],
2076 silly audit   'es-errors': [ '1.3.0' ],
2076 silly audit   'is-core-module': [ '2.16.2' ],
2076 silly audit   'path-parse': [ '1.0.7' ],
2076 silly audit   'supports-preserve-symlinks-flag': [ '1.0.0' ],
2076 silly audit   hasown: [ '2.0.4' ],
2076 silly audit   'function-bind': [ '1.1.2' ],
2076 silly audit   '@isaacs/fs-minipass': [ '4.0.1' ],
2076 silly audit   chownr: [ '3.0.0' ],
2076 silly audit   minipass: [ '7.1.3' ],
2076 silly audit   minizlib: [ '3.1.0' ],
2076 silly audit   escalade: [ '3.2.0' ],
2076 silly audit   'detect-node-es': [ '1.1.0' ],
2076 silly audit   '@types/d3-array': [ '3.2.2' ],
2076 silly audit   '@types/d3-ease': [ '3.0.2' ],
2076 silly audit   '@types/d3-interpolate': [ '3.0.4' ],
2076 silly audit   '@types/d3-scale': [ '4.0.9' ],
2076 silly audit   '@types/d3-shape': [ '3.1.8' ],
2076 silly audit   '@types/d3-time': [ '3.0.4' ],
2076 silly audit   '@types/d3-timer': [ '3.0.2' ],
2076 silly audit   'd3-array': [ '3.2.4' ],
2076 silly audit   'd3-ease': [ '3.0.1' ],
2076 silly audit   'd3-interpolate': [ '3.0.1' ],
2076 silly audit   'd3-scale': [ '4.0.2' ],
2076 silly audit   'd3-shape': [ '3.2.0' ],
2076 silly audit   'd3-time': [ '3.1.0' ],
2076 silly audit   'd3-timer': [ '3.0.1' ],
2076 silly audit   '@types/d3-color': [ '3.1.3' ],
2076 silly audit   '@types/d3-path': [ '3.1.1' ],
2076 silly audit   internmap: [ '2.0.3' ],
2076 silly audit   'd3-color': [ '3.1.0' ],
2076 silly audit   'd3-format': [ '3.1.2' ],
2076 silly audit   'd3-time-format': [ '4.1.0' ],
2076 silly audit   'd3-path': [ '3.1.0' ],
2076 silly audit   esbuild: [ '0.25.12' ],
2076 silly audit   fdir: [ '6.5.0' ],
2076 silly audit   fsevents: [ '2.3.3' ],
2076 silly audit   picomatch: [ '4.0.4' ],
2076 silly audit   postcss: [ '8.5.15' ],
2076 silly audit   rollup: [ '4.61.1' ],
2076 silly audit   tinyglobby: [ '0.2.17' ],
2076 silly audit   yaml: [ '2.9.0', '1.10.3' ],
2076 silly audit   '@esbuild/aix-ppc64': [ '0.25.12' ],
2076 silly audit   '@esbuild/android-arm': [ '0.25.12' ],
2076 silly audit   '@esbuild/android-arm64': [ '0.25.12' ],
2076 silly audit   '@esbuild/android-x64': [ '0.25.12' ],
2076 silly audit   '@esbuild/darwin-arm64': [ '0.25.12' ],
2076 silly audit   '@esbuild/darwin-x64': [ '0.25.12' ],
2076 silly audit   '@esbuild/freebsd-arm64': [ '0.25.12' ],
2076 silly audit   '@esbuild/freebsd-x64': [ '0.25.12' ],
2076 silly audit   '@esbuild/linux-arm': [ '0.25.12' ],
2076 silly audit   '@esbuild/linux-arm64': [ '0.25.12' ],
2076 silly audit   '@esbuild/linux-ia32': [ '0.25.12' ],
2076 silly audit   '@esbuild/linux-loong64': [ '0.25.12' ],
2076 silly audit   '@esbuild/linux-mips64el': [ '0.25.12' ],
2076 silly audit   '@esbuild/linux-ppc64': [ '0.25.12' ],
2076 silly audit   '@esbuild/linux-riscv64': [ '0.25.12' ],
2076 silly audit   '@esbuild/linux-s390x': [ '0.25.12' ],
2076 silly audit   '@esbuild/linux-x64': [ '0.25.12' ],
2076 silly audit   '@esbuild/netbsd-arm64': [ '0.25.12' ],
2076 silly audit   '@esbuild/netbsd-x64': [ '0.25.12' ],
2076 silly audit   '@esbuild/openbsd-arm64': [ '0.25.12' ],
2076 silly audit   '@esbuild/openbsd-x64': [ '0.25.12' ],
2076 silly audit   '@esbuild/openharmony-arm64': [ '0.25.12' ],
2076 silly audit   '@esbuild/sunos-x64': [ '0.25.12' ],
2076 silly audit   '@esbuild/win32-arm64': [ '0.25.12' ],
2076 silly audit   '@esbuild/win32-ia32': [ '0.25.12' ],
2076 silly audit   '@esbuild/win32-x64': [ '0.25.12' ],
2076 silly audit   nanoid: [ '3.3.12' ],
2076 silly audit   '@rollup/rollup-android-arm-eabi': [ '4.61.1' ],
2076 silly audit   '@rollup/rollup-android-arm64': [ '4.61.1' ],
2076 silly audit   '@rollup/rollup-darwin-arm64': [ '4.61.1' ],
2076 silly audit   '@rollup/rollup-darwin-x64': [ '4.61.1' ],
2076 silly audit   '@rollup/rollup-freebsd-arm64': [ '4.61.1' ],
2076 silly audit   '@rollup/rollup-freebsd-x64': [ '4.61.1' ],
2076 silly audit   '@rollup/rollup-linux-arm-gnueabihf': [ '4.61.1' ],
2076 silly audit   '@rollup/rollup-linux-arm-musleabihf': [ '4.61.1' ],
2076 silly audit   '@rollup/rollup-linux-arm64-gnu': [ '4.61.1' ],
2076 silly audit   '@rollup/rollup-linux-arm64-musl': [ '4.61.1' ],
2076 silly audit   '@rollup/rollup-linux-loong64-gnu': [ '4.61.1' ],
2076 silly audit   '@rollup/rollup-linux-loong64-musl': [ '4.61.1' ],
2076 silly audit   '@rollup/rollup-linux-ppc64-gnu': [ '4.61.1' ],
2076 silly audit   '@rollup/rollup-linux-ppc64-musl': [ '4.61.1' ],
2076 silly audit   '@rollup/rollup-linux-riscv64-gnu': [ '4.61.1' ],
2076 silly audit   '@rollup/rollup-linux-riscv64-musl': [ '4.61.1' ],
2076 silly audit   '@rollup/rollup-linux-s390x-gnu': [ '4.61.1' ],
2076 silly audit   '@rollup/rollup-linux-x64-gnu': [ '4.61.1' ],
2076 silly audit   '@rollup/rollup-linux-x64-musl': [ '4.61.1' ],
2076 silly audit   '@rollup/rollup-openbsd-x64': [ '4.61.1' ],
2076 silly audit   '@rollup/rollup-openharmony-arm64': [ '4.61.1' ],
2076 silly audit   '@rollup/rollup-win32-arm64-msvc': [ '4.61.1' ],
2076 silly audit   '@rollup/rollup-win32-ia32-msvc': [ '4.61.1' ],
2076 silly audit   '@rollup/rollup-win32-x64-gnu': [ '4.61.1' ],
2076 silly audit   '@rollup/rollup-win32-x64-msvc': [ '4.61.1' ],
2076 silly audit   '@types/estree': [ '1.0.9' ],
2076 silly audit   'adler-32': [ '1.3.1' ],
2076 silly audit   cfb: [ '1.2.2' ],
2076 silly audit   codepage: [ '1.15.0' ],
2076 silly audit   'crc-32': [ '1.2.2' ],
2076 silly audit   ssf: [ '0.11.2' ],
2076 silly audit   wmf: [ '1.0.2' ],
2076 silly audit   word: [ '0.3.0' ],
2076 silly audit   frac: [ '1.1.2' ]
2076 silly audit }
2077 http cache word@https://registry.npmjs.org/word/-/word-0.3.0.tgz 0ms (cache hit)
2078 http cache frac@https://registry.npmjs.org/frac/-/frac-1.1.2.tgz 0ms (cache hit)
2079 http cache wmf@https://registry.npmjs.org/wmf/-/wmf-1.0.2.tgz 0ms (cache hit)
2080 http cache ssf@https://registry.npmjs.org/ssf/-/ssf-0.11.2.tgz 0ms (cache hit)
2081 http cache cfb@https://registry.npmjs.org/cfb/-/cfb-1.2.2.tgz 0ms (cache hit)
2082 http cache crc-32@https://registry.npmjs.org/crc-32/-/crc-32-1.2.2.tgz 0ms (cache hit)
2083 http cache codepage@https://registry.npmjs.org/codepage/-/codepage-1.15.0.tgz 0ms (cache hit)
2084 http cache @types/estree@https://registry.npmjs.org/@types/estree/-/estree-1.0.9.tgz 0ms (cache hit)
2085 http cache adler-32@https://registry.npmjs.org/adler-32/-/adler-32-1.3.1.tgz 1ms (cache hit)
2086 http cache @rollup/rollup-win32-x64-msvc@https://registry.npmjs.org/@rollup/rollup-win32-x64-msvc/-/rollup-win32-x64-msvc-4.61.1.tgz 0ms (cache hit)
2087 http cache @rollup/rollup-win32-x64-gnu@https://registry.npmjs.org/@rollup/rollup-win32-x64-gnu/-/rollup-win32-x64-gnu-4.61.1.tgz 0ms (cache hit)
2088 http cache @esbuild/win32-x64@https://registry.npmjs.org/@esbuild/win32-x64/-/win32-x64-0.25.12.tgz 0ms (cache hit)
2089 http cache nanoid@https://registry.npmjs.org/nanoid/-/nanoid-3.3.12.tgz 0ms (cache hit)
2090 http cache yaml@https://registry.npmjs.org/yaml/-/yaml-2.9.0.tgz 0ms (cache hit)
2091 http cache tinyglobby@https://registry.npmjs.org/tinyglobby/-/tinyglobby-0.2.17.tgz 0ms (cache hit)
2092 http cache rollup@https://registry.npmjs.org/rollup/-/rollup-4.61.1.tgz 0ms (cache hit)
2093 http cache postcss@https://registry.npmjs.org/postcss/-/postcss-8.5.15.tgz 0ms (cache hit)
2094 http cache fdir@https://registry.npmjs.org/fdir/-/fdir-6.5.0.tgz 0ms (cache hit)
2095 http cache picomatch@https://registry.npmjs.org/picomatch/-/picomatch-4.0.4.tgz 0ms (cache hit)
2096 http cache esbuild@https://registry.npmjs.org/esbuild/-/esbuild-0.25.12.tgz 0ms (cache hit)
2097 http cache d3-path@https://registry.npmjs.org/d3-path/-/d3-path-3.1.0.tgz 0ms (cache hit)
2098 http cache d3-time-format@https://registry.npmjs.org/d3-time-format/-/d3-time-format-4.1.0.tgz 0ms (cache hit)
2099 http cache d3-format@https://registry.npmjs.org/d3-format/-/d3-format-3.1.2.tgz 0ms (cache hit)
2100 http cache d3-color@https://registry.npmjs.org/d3-color/-/d3-color-3.1.0.tgz 0ms (cache hit)
2101 http cache @types/d3-path@https://registry.npmjs.org/@types/d3-path/-/d3-path-3.1.1.tgz 0ms (cache hit)
2102 http cache @types/d3-color@https://registry.npmjs.org/@types/d3-color/-/d3-color-3.1.3.tgz 0ms (cache hit)
2103 http cache internmap@https://registry.npmjs.org/internmap/-/internmap-2.0.3.tgz 0ms (cache hit)
2104 http cache d3-timer@https://registry.npmjs.org/d3-timer/-/d3-timer-3.0.1.tgz 0ms (cache hit)
2105 http cache d3-time@https://registry.npmjs.org/d3-time/-/d3-time-3.1.0.tgz 0ms (cache hit)
2106 http cache d3-shape@https://registry.npmjs.org/d3-shape/-/d3-shape-3.2.0.tgz 0ms (cache hit)
2107 http cache d3-scale@https://registry.npmjs.org/d3-scale/-/d3-scale-4.0.2.tgz 0ms (cache hit)
2108 http cache d3-interpolate@https://registry.npmjs.org/d3-interpolate/-/d3-interpolate-3.0.1.tgz 0ms (cache hit)
2109 http cache d3-ease@https://registry.npmjs.org/d3-ease/-/d3-ease-3.0.1.tgz 0ms (cache hit)
2110 http cache d3-array@https://registry.npmjs.org/d3-array/-/d3-array-3.2.4.tgz 0ms (cache hit)
2111 http cache @types/d3-timer@https://registry.npmjs.org/@types/d3-timer/-/d3-timer-3.0.2.tgz 0ms (cache hit)
2112 http cache @types/d3-shape@https://registry.npmjs.org/@types/d3-shape/-/d3-shape-3.1.8.tgz 0ms (cache hit)
2113 http cache @types/d3-interpolate@https://registry.npmjs.org/@types/d3-interpolate/-/d3-interpolate-3.0.4.tgz 0ms (cache hit)
2114 http cache @types/d3-time@https://registry.npmjs.org/@types/d3-time/-/d3-time-3.0.4.tgz 0ms (cache hit)
2115 http cache @types/d3-scale@https://registry.npmjs.org/@types/d3-scale/-/d3-scale-4.0.9.tgz 0ms (cache hit)
2116 http cache @types/d3-ease@https://registry.npmjs.org/@types/d3-ease/-/d3-ease-3.0.2.tgz 0ms (cache hit)
2117 http cache @types/d3-array@https://registry.npmjs.org/@types/d3-array/-/d3-array-3.2.2.tgz 0ms (cache hit)
2118 http cache detect-node-es@https://registry.npmjs.org/detect-node-es/-/detect-node-es-1.1.0.tgz 0ms (cache hit)
2119 http cache escalade@https://registry.npmjs.org/escalade/-/escalade-3.2.0.tgz 0ms (cache hit)
2120 http cache minipass@https://registry.npmjs.org/minipass/-/minipass-7.1.3.tgz 0ms (cache hit)
2121 http cache minizlib@https://registry.npmjs.org/minizlib/-/minizlib-3.1.0.tgz 0ms (cache hit)
2122 http cache chownr@https://registry.npmjs.org/chownr/-/chownr-3.0.0.tgz 0ms (cache hit)
2123 http cache supports-preserve-symlinks-flag@https://registry.npmjs.org/supports-preserve-symlinks-flag/-/supports-preserve-symlinks-flag-1.0.0.tgz 0ms (cache hit)
2124 http cache hasown@https://registry.npmjs.org/hasown/-/hasown-2.0.4.tgz 0ms (cache hit)
2125 http cache function-bind@https://registry.npmjs.org/function-bind/-/function-bind-1.1.2.tgz 0ms (cache hit)
2126 http cache path-parse@https://registry.npmjs.org/path-parse/-/path-parse-1.0.7.tgz 0ms (cache hit)
2127 http cache is-core-module@https://registry.npmjs.org/is-core-module/-/is-core-module-2.16.2.tgz 0ms (cache hit)
2128 http cache es-errors@https://registry.npmjs.org/es-errors/-/es-errors-1.3.0.tgz 0ms (cache hit)
2129 http cache decimal.js-light@https://registry.npmjs.org/decimal.js-light/-/decimal.js-light-2.5.1.tgz 1ms (cache hit)
2130 http cache fast-equals@https://registry.npmjs.org/fast-equals/-/fast-equals-5.4.0.tgz 1ms (cache hit)
2131 http cache tiny-invariant@https://registry.npmjs.org/tiny-invariant/-/tiny-invariant-1.3.3.tgz 0ms (cache hit)
2132 http cache react-smooth@https://registry.npmjs.org/react-smooth/-/react-smooth-4.0.4.tgz 0ms (cache hit)
2133 http cache lodash@https://registry.npmjs.org/lodash/-/lodash-4.18.1.tgz 0ms (cache hit)
2134 http cache eventemitter3@https://registry.npmjs.org/eventemitter3/-/eventemitter3-4.0.7.tgz 1ms (cache hit)
2135 http cache dom-helpers@https://registry.npmjs.org/dom-helpers/-/dom-helpers-5.2.1.tgz 0ms (cache hit)
2136 http cache get-nonce@https://registry.npmjs.org/get-nonce/-/get-nonce-1.0.1.tgz 0ms (cache hit)
2137 http cache string-convert@https://registry.npmjs.org/string-convert/-/string-convert-0.2.1.tgz 0ms (cache hit)
2138 http cache resize-observer-polyfill@https://registry.npmjs.org/resize-observer-polyfill/-/resize-observer-polyfill-1.5.1.tgz 0ms (cache hit)
2139 http cache lodash.debounce@https://registry.npmjs.org/lodash.debounce/-/lodash.debounce-4.0.8.tgz 0ms (cache hit)
2140 http cache json2mq@https://registry.npmjs.org/json2mq/-/json2mq-0.2.0.tgz 0ms (cache hit)
2141 http cache classnames@https://registry.npmjs.org/classnames/-/classnames-2.5.1.tgz 0ms (cache hit)
2142 http cache set-cookie-parser@https://registry.npmjs.org/set-cookie-parser/-/set-cookie-parser-2.7.2.tgz 0ms (cache hit)
2143 http cache cookie@https://registry.npmjs.org/cookie/-/cookie-1.1.1.tgz 1ms (cache hit)
2144 http cache use-sidecar@https://registry.npmjs.org/use-sidecar/-/use-sidecar-1.1.3.tgz 0ms (cache hit)
2145 http cache use-callback-ref@https://registry.npmjs.org/use-callback-ref/-/use-callback-ref-1.3.3.tgz 1ms (cache hit)
2146 http cache react-remove-scroll-bar@https://registry.npmjs.org/react-remove-scroll-bar/-/react-remove-scroll-bar-2.3.8.tgz 0ms (cache hit)
2147 http cache react-style-singleton@https://registry.npmjs.org/react-style-singleton/-/react-style-singleton-2.2.3.tgz 0ms (cache hit)
2148 http cache victory-vendor@https://registry.npmjs.org/victory-vendor/-/victory-vendor-36.9.2.tgz 0ms (cache hit)
2149 http cache warning@https://registry.npmjs.org/warning/-/warning-4.0.3.tgz 0ms (cache hit)
2150 http cache react-fast-compare@https://registry.npmjs.org/react-fast-compare/-/react-fast-compare-3.2.2.tgz 0ms (cache hit)
2151 http cache recharts-scale@https://registry.npmjs.org/recharts-scale/-/recharts-scale-0.4.5.tgz 0ms (cache hit)
2152 http cache scheduler@https://registry.npmjs.org/scheduler/-/scheduler-0.23.2.tgz 0ms (cache hit)
2153 http cache @react-dnd/asap@https://registry.npmjs.org/@react-dnd/asap/-/asap-5.0.2.tgz 0ms (cache hit)
2154 http cache redux@https://registry.npmjs.org/redux/-/redux-4.2.1.tgz 0ms (cache hit)
2155 http cache @react-dnd/shallowequal@https://registry.npmjs.org/@react-dnd/shallowequal/-/shallowequal-4.0.2.tgz 0ms (cache hit)
2156 http cache fast-deep-equal@https://registry.npmjs.org/fast-deep-equal/-/fast-deep-equal-3.1.3.tgz 0ms (cache hit)
2157 http cache dnd-core@https://registry.npmjs.org/dnd-core/-/dnd-core-16.0.1.tgz 0ms (cache hit)
2158 http cache @react-dnd/invariant@https://registry.npmjs.org/@react-dnd/invariant/-/invariant-4.0.2.tgz 0ms (cache hit)
2159 http cache object-assign@https://registry.npmjs.org/object-assign/-/object-assign-4.1.1.tgz 1ms (cache hit)
2160 http cache loose-envify@https://registry.npmjs.org/loose-envify/-/loose-envify-1.4.0.tgz 0ms (cache hit)
2161 http cache is-arrayish@https://registry.npmjs.org/is-arrayish/-/is-arrayish-0.2.1.tgz 0ms (cache hit)
2162 http cache lines-and-columns@https://registry.npmjs.org/lines-and-columns/-/lines-and-columns-1.2.4.tgz 0ms (cache hit)
2163 http cache json-parse-even-better-errors@https://registry.npmjs.org/json-parse-even-better-errors/-/json-parse-even-better-errors-2.3.1.tgz 0ms (cache hit)
2164 http cache error-ex@https://registry.npmjs.org/error-ex/-/error-ex-1.3.4.tgz 0ms (cache hit)
2165 http cache callsites@https://registry.npmjs.org/callsites/-/callsites-3.1.0.tgz 0ms (cache hit)
2166 http cache motion-utils@https://registry.npmjs.org/motion-utils/-/motion-utils-12.39.0.tgz 0ms (cache hit)
2167 http cache framer-motion@https://registry.npmjs.org/framer-motion/-/framer-motion-12.40.0.tgz 0ms (cache hit)
2168 http cache motion-dom@https://registry.npmjs.org/motion-dom/-/motion-dom-12.40.0.tgz 0ms (cache hit)
2169 http cache yallist@https://registry.npmjs.org/yallist/-/yallist-3.1.1.tgz 0ms (cache hit)
2170 http cache lightningcss-win32-x64-msvc@https://registry.npmjs.org/lightningcss-win32-x64-msvc/-/lightningcss-win32-x64-msvc-1.30.1.tgz 0ms (cache hit)
2171 http cache resolve-from@https://registry.npmjs.org/resolve-from/-/resolve-from-4.0.0.tgz 0ms (cache hit)
2172 http cache parent-module@https://registry.npmjs.org/parent-module/-/parent-module-1.0.1.tgz 0ms (cache hit)
2173 http cache tapable@https://registry.npmjs.org/tapable/-/tapable-2.3.3.tgz 0ms (cache hit)
2174 http cache graceful-fs@https://registry.npmjs.org/graceful-fs/-/graceful-fs-4.2.11.tgz 0ms (cache hit)
2175 http cache embla-carousel@https://registry.npmjs.org/embla-carousel/-/embla-carousel-8.6.0.tgz 0ms (cache hit)
2176 http cache embla-carousel-reactive-utils@https://registry.npmjs.org/embla-carousel-reactive-utils/-/embla-carousel-reactive-utils-8.6.0.tgz 0ms (cache hit)
2177 http cache ms@https://registry.npmjs.org/ms/-/ms-2.1.3.tgz 0ms (cache hit)
2178 http cache path-type@https://registry.npmjs.org/path-type/-/path-type-4.0.0.tgz 0ms (cache hit)
2179 http cache parse-json@https://registry.npmjs.org/parse-json/-/parse-json-5.2.0.tgz 0ms (cache hit)
2180 http cache import-fresh@https://registry.npmjs.org/import-fresh/-/import-fresh-3.3.1.tgz 0ms (cache hit)
2181 http cache update-browserslist-db@https://registry.npmjs.org/update-browserslist-db/-/update-browserslist-db-1.2.3.tgz 0ms (cache hit)
2182 http cache @types/parse-json@https://registry.npmjs.org/@types/parse-json/-/parse-json-4.0.2.tgz 0ms (cache hit)
2183 http cache node-releases@https://registry.npmjs.org/node-releases/-/node-releases-2.0.47.tgz 0ms (cache hit)
2184 http cache @isaacs/fs-minipass@https://registry.npmjs.org/@isaacs/fs-minipass/-/fs-minipass-4.0.1.tgz 0ms (cache hit)
2185 http cache electron-to-chromium@https://registry.npmjs.org/electron-to-chromium/-/electron-to-chromium-1.5.368.tgz 0ms (cache hit)
2186 http cache caniuse-lite@https://registry.npmjs.org/caniuse-lite/-/caniuse-lite-1.0.30001797.tgz 0ms (cache hit)
2187 http cache baseline-browser-mapping@https://registry.npmjs.org/baseline-browser-mapping/-/baseline-browser-mapping-2.10.34.tgz 0ms (cache hit)
2188 http cache resolve@https://registry.npmjs.org/resolve/-/resolve-1.22.12.tgz 0ms (cache hit)
2189 http cache cosmiconfig@https://registry.npmjs.org/cosmiconfig/-/cosmiconfig-7.1.0.tgz 0ms (cache hit)
2190 http cache tslib@https://registry.npmjs.org/tslib/-/tslib-2.8.1.tgz 0ms (cache hit)
2191 http cache @babel/helper-plugin-utils@https://registry.npmjs.org/@babel/helper-plugin-utils/-/helper-plugin-utils-7.29.7.tgz 0ms (cache hit)
2192 http cache @types/babel__traverse@https://registry.npmjs.org/@types/babel__traverse/-/babel__traverse-7.28.0.tgz 0ms (cache hit)
2193 http cache lru-cache@https://registry.npmjs.org/lru-cache/-/lru-cache-5.1.1.tgz 0ms (cache hit)
2194 http cache @types/babel__generator@https://registry.npmjs.org/@types/babel__generator/-/babel__generator-7.27.0.tgz 0ms (cache hit)
2195 http cache @types/babel__template@https://registry.npmjs.org/@types/babel__template/-/babel__template-7.4.4.tgz 0ms (cache hit)
2196 http cache browserslist@https://registry.npmjs.org/browserslist/-/browserslist-4.28.2.tgz 1ms (cache hit)
2197 http cache semver@https://registry.npmjs.org/semver/-/semver-6.3.1.tgz 3ms (cache hit)
2198 http cache json5@https://registry.npmjs.org/json5/-/json5-2.2.3.tgz 0ms (cache hit)
2199 http cache gensync@https://registry.npmjs.org/gensync/-/gensync-1.0.0-beta.2.tgz 0ms (cache hit)
2200 http cache @babel/compat-data@https://registry.npmjs.org/@babel/compat-data/-/compat-data-7.29.7.tgz 0ms (cache hit)
2201 http cache @babel/helper-validator-option@https://registry.npmjs.org/@babel/helper-validator-option/-/helper-validator-option-7.29.7.tgz 0ms (cache hit)
2202 http cache @babel/helpers@https://registry.npmjs.org/@babel/helpers/-/helpers-7.29.7.tgz 0ms (cache hit)
2203 http cache react-refresh@https://registry.npmjs.org/react-refresh/-/react-refresh-0.17.0.tgz 0ms (cache hit)
2204 http cache @types/babel__core@https://registry.npmjs.org/@types/babel__core/-/babel__core-7.20.5.tgz 0ms (cache hit)
2205 http cache @rolldown/pluginutils@https://registry.npmjs.org/@rolldown/pluginutils/-/pluginutils-1.0.0-beta.27.tgz 0ms (cache hit)
2206 http cache @babel/helper-module-transforms@https://registry.npmjs.org/@babel/helper-module-transforms/-/helper-module-transforms-7.29.7.tgz 0ms (cache hit)
2207 http cache @babel/helper-compilation-targets@https://registry.npmjs.org/@babel/helper-compilation-targets/-/helper-compilation-targets-7.29.7.tgz 0ms (cache hit)
2208 http cache @babel/plugin-transform-react-jsx-source@https://registry.npmjs.org/@babel/plugin-transform-react-jsx-source/-/plugin-transform-react-jsx-source-7.29.7.tgz 1ms (cache hit)
2209 http cache detect-libc@https://registry.npmjs.org/detect-libc/-/detect-libc-2.1.2.tgz 0ms (cache hit)
2210 http cache @tailwindcss/oxide-win32-x64-msvc@https://registry.npmjs.org/@tailwindcss/oxide-win32-x64-msvc/-/oxide-win32-x64-msvc-4.1.12.tgz 0ms (cache hit)
2211 http cache tar@https://registry.npmjs.org/tar/-/tar-7.5.16.tgz 0ms (cache hit)
2212 http cache @babel/plugin-transform-react-jsx-self@https://registry.npmjs.org/@babel/plugin-transform-react-jsx-self/-/plugin-transform-react-jsx-self-7.29.7.tgz 0ms (cache hit)
2213 http cache source-map-js@https://registry.npmjs.org/source-map-js/-/source-map-js-1.2.1.tgz 0ms (cache hit)
2214 http cache @babel/core@https://registry.npmjs.org/@babel/core/-/core-7.29.7.tgz 0ms (cache hit)
2215 http cache magic-string@https://registry.npmjs.org/magic-string/-/magic-string-0.30.21.tgz 0ms (cache hit)
2216 http cache lightningcss@https://registry.npmjs.org/lightningcss/-/lightningcss-1.30.1.tgz 0ms (cache hit)
2217 http cache @jridgewell/remapping@https://registry.npmjs.org/@jridgewell/remapping/-/remapping-2.3.5.tgz 0ms (cache hit)
2218 http cache jiti@https://registry.npmjs.org/jiti/-/jiti-2.7.0.tgz 0ms (cache hit)
2219 http cache enhanced-resolve@https://registry.npmjs.org/enhanced-resolve/-/enhanced-resolve-5.23.0.tgz 0ms (cache hit)
2220 http cache @radix-ui/number@https://registry.npmjs.org/@radix-ui/number/-/number-1.1.0.tgz 0ms (cache hit)
2221 http cache @tailwindcss/oxide@https://registry.npmjs.org/@tailwindcss/oxide/-/oxide-4.1.12.tgz 0ms (cache hit)
2222 http cache @floating-ui/utils@https://registry.npmjs.org/@floating-ui/utils/-/utils-0.2.11.tgz 0ms (cache hit)
2223 http cache @tailwindcss/node@https://registry.npmjs.org/@tailwindcss/node/-/node-4.1.12.tgz 0ms (cache hit)
2224 http cache @floating-ui/dom@https://registry.npmjs.org/@floating-ui/dom/-/dom-1.7.6.tgz 0ms (cache hit)
2225 http cache @floating-ui/core@https://registry.npmjs.org/@floating-ui/core/-/core-1.7.5.tgz 0ms (cache hit)
2226 http cache @radix-ui/rect@https://registry.npmjs.org/@radix-ui/rect/-/rect-1.1.0.tgz 0ms (cache hit)
2227 http cache @floating-ui/react-dom@https://registry.npmjs.org/@floating-ui/react-dom/-/react-dom-2.1.8.tgz 0ms (cache hit)
2228 http cache @radix-ui/react-use-rect@https://registry.npmjs.org/@radix-ui/react-use-rect/-/react-use-rect-1.1.0.tgz 0ms (cache hit)
2229 http cache @radix-ui/react-arrow@https://registry.npmjs.org/@radix-ui/react-arrow/-/react-arrow-1.1.2.tgz 0ms (cache hit)
2230 http cache @radix-ui/react-visually-hidden@https://registry.npmjs.org/@radix-ui/react-visually-hidden/-/react-visually-hidden-1.1.2.tgz 0ms (cache hit)
2231 http cache @radix-ui/react-popper@https://registry.npmjs.org/@radix-ui/react-popper/-/react-popper-1.2.2.tgz 0ms (cache hit)
2232 http cache @radix-ui/react-roving-focus@https://registry.npmjs.org/@radix-ui/react-roving-focus/-/react-roving-focus-1.1.2.tgz 0ms (cache hit)
2233 http cache react-remove-scroll@https://registry.npmjs.org/react-remove-scroll/-/react-remove-scroll-2.7.2.tgz 0ms (cache hit)
2234 http cache aria-hidden@https://registry.npmjs.org/aria-hidden/-/aria-hidden-1.2.6.tgz 0ms (cache hit)
2235 http cache @radix-ui/react-use-escape-keydown@https://registry.npmjs.org/@radix-ui/react-use-escape-keydown/-/react-use-escape-keydown-1.1.0.tgz 0ms (cache hit)
2236 http cache @radix-ui/react-portal@https://registry.npmjs.org/@radix-ui/react-portal/-/react-portal-1.1.4.tgz 0ms (cache hit)
2237 http cache @radix-ui/react-focus-guards@https://registry.npmjs.org/@radix-ui/react-focus-guards/-/react-focus-guards-1.1.1.tgz 0ms (cache hit)
2238 http cache @radix-ui/react-dismissable-layer@https://registry.npmjs.org/@radix-ui/react-dismissable-layer/-/react-dismissable-layer-1.1.5.tgz 0ms (cache hit)
2239 http cache @radix-ui/react-menu@https://registry.npmjs.org/@radix-ui/react-menu/-/react-menu-2.1.6.tgz 1ms (cache hit)
2240 http cache @radix-ui/react-use-size@https://registry.npmjs.org/@radix-ui/react-use-size/-/react-use-size-1.1.0.tgz 0ms (cache hit)
2241 http cache @radix-ui/react-use-previous@https://registry.npmjs.org/@radix-ui/react-use-previous/-/react-use-previous-1.1.0.tgz 0ms (cache hit)
2242 http cache @radix-ui/react-presence@https://registry.npmjs.org/@radix-ui/react-presence/-/react-presence-1.1.2.tgz 0ms (cache hit)
2243 http cache @radix-ui/react-use-callback-ref@https://registry.npmjs.org/@radix-ui/react-use-callback-ref/-/react-use-callback-ref-1.1.0.tgz 0ms (cache hit)
2244 http cache @radix-ui/react-use-layout-effect@https://registry.npmjs.org/@radix-ui/react-use-layout-effect/-/react-use-layout-effect-1.1.0.tgz 0ms (cache hit)
2245 http cache @radix-ui/react-use-controllable-state@https://registry.npmjs.org/@radix-ui/react-use-controllable-state/-/react-use-controllable-state-1.1.0.tgz 0ms (cache hit)
2246 http cache @radix-ui/react-primitive@https://registry.npmjs.org/@radix-ui/react-primitive/-/react-primitive-2.0.2.tgz 0ms (cache hit)
2247 http cache @radix-ui/react-focus-scope@https://registry.npmjs.org/@radix-ui/react-focus-scope/-/react-focus-scope-1.1.2.tgz 0ms (cache hit)
2248 http cache @radix-ui/react-id@https://registry.npmjs.org/@radix-ui/react-id/-/react-id-1.1.0.tgz 0ms (cache hit)
2249 http cache @radix-ui/react-context@https://registry.npmjs.org/@radix-ui/react-context/-/react-context-1.1.1.tgz 0ms (cache hit)
2250 http cache @radix-ui/react-direction@https://registry.npmjs.org/@radix-ui/react-direction/-/react-direction-1.1.0.tgz 0ms (cache hit)
2251 http cache @radix-ui/react-compose-refs@https://registry.npmjs.org/@radix-ui/react-compose-refs/-/react-compose-refs-1.1.1.tgz 0ms (cache hit)
2252 http cache @radix-ui/react-collection@https://registry.npmjs.org/@radix-ui/react-collection/-/react-collection-1.1.2.tgz 0ms (cache hit)
2253 http cache @radix-ui/primitive@https://registry.npmjs.org/@radix-ui/primitive/-/primitive-1.1.1.tgz 0ms (cache hit)
2254 http cache @types/prop-types@https://registry.npmjs.org/@types/prop-types/-/prop-types-15.7.15.tgz 0ms (cache hit)
2255 http cache @mui/styled-engine@https://registry.npmjs.org/@mui/styled-engine/-/styled-engine-7.3.10.tgz 0ms (cache hit)
2256 http cache react-transition-group@https://registry.npmjs.org/react-transition-group/-/react-transition-group-4.4.5.tgz 0ms (cache hit)
2257 http cache @mui/private-theming@https://registry.npmjs.org/@mui/private-theming/-/private-theming-7.3.11.tgz 0ms (cache hit)
2258 http cache react-is@https://registry.npmjs.org/react-is/-/react-is-19.2.7.tgz 0ms (cache hit)
2259 http cache @types/react-transition-group@https://registry.npmjs.org/@types/react-transition-group/-/react-transition-group-4.4.12.tgz 0ms (cache hit)
2260 http cache @mui/utils@https://registry.npmjs.org/@mui/utils/-/utils-7.3.11.tgz 0ms (cache hit)
2261 http cache prop-types@https://registry.npmjs.org/prop-types/-/prop-types-15.8.1.tgz 0ms (cache hit)
2262 http cache @types/react@https://registry.npmjs.org/@types/react/-/react-19.2.17.tgz 0ms (cache hit)
2263 http cache @jridgewell/resolve-uri@https://registry.npmjs.org/@jridgewell/resolve-uri/-/resolve-uri-3.1.2.tgz 0ms (cache hit)
2264 http cache @mui/system@https://registry.npmjs.org/@mui/system/-/system-7.3.11.tgz 0ms (cache hit)
2265 http cache @mui/core-downloads-tracker@https://registry.npmjs.org/@mui/core-downloads-tracker/-/core-downloads-tracker-7.3.11.tgz 0ms (cache hit)
2266 http cache @mui/types@https://registry.npmjs.org/@mui/types/-/types-7.4.12.tgz 0ms (cache hit)
2267 http cache @jridgewell/sourcemap-codec@https://registry.npmjs.org/@jridgewell/sourcemap-codec/-/sourcemap-codec-1.5.5.tgz 0ms (cache hit)
2268 http cache csstype@https://registry.npmjs.org/csstype/-/csstype-3.2.3.tgz 0ms (cache hit)
2269 http cache @emotion/is-prop-valid@https://registry.npmjs.org/@emotion/is-prop-valid/-/is-prop-valid-1.4.0.tgz 0ms (cache hit)
2270 http cache @babel/helper-string-parser@https://registry.npmjs.org/@babel/helper-string-parser/-/helper-string-parser-7.29.7.tgz 0ms (cache hit)
2271 http cache @emotion/sheet@https://registry.npmjs.org/@emotion/sheet/-/sheet-1.4.0.tgz 0ms (cache hit)
2272 http cache jsesc@https://registry.npmjs.org/jsesc/-/jsesc-3.1.0.tgz 0ms (cache hit)
2273 http cache @emotion/unitless@https://registry.npmjs.org/@emotion/unitless/-/unitless-0.10.0.tgz 0ms (cache hit)
2274 http cache @jridgewell/trace-mapping@https://registry.npmjs.org/@jridgewell/trace-mapping/-/trace-mapping-0.3.31.tgz 0ms (cache hit)
2275 http cache @jridgewell/gen-mapping@https://registry.npmjs.org/@jridgewell/gen-mapping/-/gen-mapping-0.3.13.tgz 0ms (cache hit)
2276 http cache @babel/helper-validator-identifier@https://registry.npmjs.org/@babel/helper-validator-identifier/-/helper-validator-identifier-7.29.7.tgz 0ms (cache hit)
2277 http cache js-tokens@https://registry.npmjs.org/js-tokens/-/js-tokens-4.0.0.tgz 0ms (cache hit)
2278 http cache debug@https://registry.npmjs.org/debug/-/debug-4.4.3.tgz 0ms (cache hit)
2279 http cache @babel/template@https://registry.npmjs.org/@babel/template/-/template-7.29.7.tgz 0ms (cache hit)
2280 http cache @babel/parser@https://registry.npmjs.org/@babel/parser/-/parser-7.29.7.tgz 0ms (cache hit)
2281 http cache @babel/helper-globals@https://registry.npmjs.org/@babel/helper-globals/-/helper-globals-7.29.7.tgz 0ms (cache hit)
2282 http cache @babel/generator@https://registry.npmjs.org/@babel/generator/-/generator-7.29.7.tgz 0ms (cache hit)
2283 http cache @babel/traverse@https://registry.npmjs.org/@babel/traverse/-/traverse-7.29.7.tgz 0ms (cache hit)
2284 http cache @babel/types@https://registry.npmjs.org/@babel/types/-/types-7.29.7.tgz 0ms (cache hit)
2285 http cache @babel/code-frame@https://registry.npmjs.org/@babel/code-frame/-/code-frame-7.29.7.tgz 0ms (cache hit)
2286 http cache stylis@https://registry.npmjs.org/stylis/-/stylis-4.2.0.tgz 0ms (cache hit)
2287 http cache source-map@https://registry.npmjs.org/source-map/-/source-map-0.5.7.tgz 0ms (cache hit)
2288 http cache find-root@https://registry.npmjs.org/find-root/-/find-root-1.1.0.tgz 0ms (cache hit)
2289 http cache escape-string-regexp@https://registry.npmjs.org/escape-string-regexp/-/escape-string-regexp-4.0.0.tgz 0ms (cache hit)
2290 http cache convert-source-map@https://registry.npmjs.org/convert-source-map/-/convert-source-map-1.9.0.tgz 0ms (cache hit)
2291 http cache babel-plugin-macros@https://registry.npmjs.org/babel-plugin-macros/-/babel-plugin-macros-3.1.0.tgz 0ms (cache hit)
2292 http cache @emotion/memoize@https://registry.npmjs.org/@emotion/memoize/-/memoize-0.9.0.tgz 0ms (cache hit)
2293 http cache @emotion/hash@https://registry.npmjs.org/@emotion/hash/-/hash-0.9.2.tgz 0ms (cache hit)
2294 http cache @babel/helper-module-imports@https://registry.npmjs.org/@babel/helper-module-imports/-/helper-module-imports-7.29.7.tgz 0ms (cache hit)
2295 http cache hoist-non-react-statics@https://registry.npmjs.org/hoist-non-react-statics/-/hoist-non-react-statics-3.3.2.tgz 0ms (cache hit)
2296 http cache @emotion/weak-memoize@https://registry.npmjs.org/@emotion/weak-memoize/-/weak-memoize-0.4.0.tgz 1ms (cache hit)
2297 http cache @emotion/utils@https://registry.npmjs.org/@emotion/utils/-/utils-1.4.2.tgz 0ms (cache hit)
2298 http cache @emotion/use-insertion-effect-with-fallbacks@https://registry.npmjs.org/@emotion/use-insertion-effect-with-fallbacks/-/use-insertion-effect-with-fallbacks-1.2.0.tgz 0ms (cache hit)
2299 http cache @emotion/serialize@https://registry.npmjs.org/@emotion/serialize/-/serialize-1.3.3.tgz 0ms (cache hit)
2300 http cache @babel/runtime@https://registry.npmjs.org/@babel/runtime/-/runtime-7.29.7.tgz 0ms (cache hit)
2301 http cache @emotion/cache@https://registry.npmjs.org/@emotion/cache/-/cache-11.14.0.tgz 0ms (cache hit)
2302 http cache @emotion/babel-plugin@https://registry.npmjs.org/@emotion/babel-plugin/-/babel-plugin-11.13.5.tgz 0ms (cache hit)
2303 http cache xlsx@https://registry.npmjs.org/xlsx/-/xlsx-0.18.5.tgz 0ms (cache hit)
2304 http cache vaul@https://registry.npmjs.org/vaul/-/vaul-1.1.2.tgz 0ms (cache hit)
2305 http cache tw-animate-css@https://registry.npmjs.org/tw-animate-css/-/tw-animate-css-1.3.8.tgz 0ms (cache hit)
2306 http cache tailwindcss@https://registry.npmjs.org/tailwindcss/-/tailwindcss-4.1.12.tgz 0ms (cache hit)
2307 http cache recharts@https://registry.npmjs.org/recharts/-/recharts-2.15.2.tgz 0ms (cache hit)
2308 http cache sonner@https://registry.npmjs.org/sonner/-/sonner-2.0.3.tgz 0ms (cache hit)
2309 http cache react-router@https://registry.npmjs.org/react-router/-/react-router-7.13.0.tgz 0ms (cache hit)
2310 http cache react-responsive-masonry@https://registry.npmjs.org/react-responsive-masonry/-/react-responsive-masonry-2.7.1.tgz 0ms (cache hit)
2311 http cache react-slick@https://registry.npmjs.org/react-slick/-/react-slick-0.31.0.tgz 0ms (cache hit)
2312 http cache react-popper@https://registry.npmjs.org/react-popper/-/react-popper-2.3.0.tgz 0ms (cache hit)
2313 http cache react-resizable-panels@https://registry.npmjs.org/react-resizable-panels/-/react-resizable-panels-2.1.7.tgz 0ms (cache hit)
2314 http cache react-hook-form@https://registry.npmjs.org/react-hook-form/-/react-hook-form-7.55.0.tgz 0ms (cache hit)
2315 http cache react-dnd@https://registry.npmjs.org/react-dnd/-/react-dnd-16.0.1.tgz 0ms (cache hit)
2316 http cache react-day-picker@https://registry.npmjs.org/react-day-picker/-/react-day-picker-8.10.1.tgz 0ms (cache hit)
2317 http cache react-dnd-html5-backend@https://registry.npmjs.org/react-dnd-html5-backend/-/react-dnd-html5-backend-16.0.1.tgz 0ms (cache hit)
2318 http cache qrcode.react@https://registry.npmjs.org/qrcode.react/-/qrcode.react-4.2.0.tgz 0ms (cache hit)
2319 http cache lucide-react@https://registry.npmjs.org/lucide-react/-/lucide-react-0.487.0.tgz 0ms (cache hit)
2320 http cache input-otp@https://registry.npmjs.org/input-otp/-/input-otp-1.4.2.tgz 0ms (cache hit)
2321 http cache embla-carousel-react@https://registry.npmjs.org/embla-carousel-react/-/embla-carousel-react-8.6.0.tgz 0ms (cache hit)
2322 http cache motion@https://registry.npmjs.org/motion/-/motion-12.23.24.tgz 0ms (cache hit)
2323 http cache date-fns@https://registry.npmjs.org/date-fns/-/date-fns-3.6.0.tgz 0ms (cache hit)
2324 http cache cmdk@https://registry.npmjs.org/cmdk/-/cmdk-1.1.1.tgz 1ms (cache hit)
2325 http cache clsx@https://registry.npmjs.org/clsx/-/clsx-2.1.1.tgz 0ms (cache hit)
2326 http cache next-themes@https://registry.npmjs.org/next-themes/-/next-themes-0.4.6.tgz 0ms (cache hit)
2327 http cache class-variance-authority@https://registry.npmjs.org/class-variance-authority/-/class-variance-authority-0.7.1.tgz 0ms (cache hit)
2328 http cache @vitejs/plugin-react@https://registry.npmjs.org/@vitejs/plugin-react/-/plugin-react-4.7.0.tgz 0ms (cache hit)
2329 http cache canvas-confetti@https://registry.npmjs.org/canvas-confetti/-/canvas-confetti-1.9.4.tgz 0ms (cache hit)
2330 http cache vite@https://registry.npmjs.org/vite/-/vite-6.3.5.tgz 0ms (cache hit)
2331 http cache @tailwindcss/vite@https://registry.npmjs.org/@tailwindcss/vite/-/vite-4.1.12.tgz 1ms (cache hit)
2332 http cache @radix-ui/react-toggle-group@https://registry.npmjs.org/@radix-ui/react-toggle-group/-/react-toggle-group-1.1.2.tgz 0ms (cache hit)
2333 http cache @radix-ui/react-tooltip@https://registry.npmjs.org/@radix-ui/react-tooltip/-/react-tooltip-1.1.8.tgz 0ms (cache hit)
2334 http cache @radix-ui/react-tabs@https://registry.npmjs.org/@radix-ui/react-tabs/-/react-tabs-1.1.3.tgz 0ms (cache hit)
2335 http cache @radix-ui/react-switch@https://registry.npmjs.org/@radix-ui/react-switch/-/react-switch-1.1.3.tgz 0ms (cache hit)
2336 http cache @radix-ui/react-slot@https://registry.npmjs.org/@radix-ui/react-slot/-/react-slot-1.1.2.tgz 0ms (cache hit)
2337 http cache @radix-ui/react-slider@https://registry.npmjs.org/@radix-ui/react-slider/-/react-slider-1.2.3.tgz 0ms (cache hit)
2338 http cache @radix-ui/react-separator@https://registry.npmjs.org/@radix-ui/react-separator/-/react-separator-1.1.2.tgz 0ms (cache hit)
2339 http cache @radix-ui/react-select@https://registry.npmjs.org/@radix-ui/react-select/-/react-select-2.1.6.tgz 0ms (cache hit)
2340 http cache @radix-ui/react-scroll-area@https://registry.npmjs.org/@radix-ui/react-scroll-area/-/react-scroll-area-1.2.3.tgz 0ms (cache hit)
2341 http cache @radix-ui/react-radio-group@https://registry.npmjs.org/@radix-ui/react-radio-group/-/react-radio-group-1.2.3.tgz 0ms (cache hit)
2342 http cache @radix-ui/react-progress@https://registry.npmjs.org/@radix-ui/react-progress/-/react-progress-1.1.2.tgz 0ms (cache hit)
2343 http cache @radix-ui/react-popover@https://registry.npmjs.org/@radix-ui/react-popover/-/react-popover-1.1.6.tgz 0ms (cache hit)
2344 http cache @radix-ui/react-navigation-menu@https://registry.npmjs.org/@radix-ui/react-navigation-menu/-/react-navigation-menu-1.2.5.tgz 1ms (cache hit)
2345 http cache @radix-ui/react-menubar@https://registry.npmjs.org/@radix-ui/react-menubar/-/react-menubar-1.1.6.tgz 0ms (cache hit)
2346 http cache @radix-ui/react-label@https://registry.npmjs.org/@radix-ui/react-label/-/react-label-2.1.2.tgz 0ms (cache hit)
2347 http cache @radix-ui/react-hover-card@https://registry.npmjs.org/@radix-ui/react-hover-card/-/react-hover-card-1.1.6.tgz 0ms (cache hit)
2348 http cache @radix-ui/react-dialog@https://registry.npmjs.org/@radix-ui/react-dialog/-/react-dialog-1.1.6.tgz 0ms (cache hit)
2349 http cache @radix-ui/react-dropdown-menu@https://registry.npmjs.org/@radix-ui/react-dropdown-menu/-/react-dropdown-menu-2.1.6.tgz 0ms (cache hit)
2350 http cache @radix-ui/react-context-menu@https://registry.npmjs.org/@radix-ui/react-context-menu/-/react-context-menu-2.2.6.tgz 0ms (cache hit)
2351 http cache @radix-ui/react-collapsible@https://registry.npmjs.org/@radix-ui/react-collapsible/-/react-collapsible-1.1.3.tgz 0ms (cache hit)
2352 http cache @radix-ui/react-checkbox@https://registry.npmjs.org/@radix-ui/react-checkbox/-/react-checkbox-1.1.4.tgz 0ms (cache hit)
2353 http cache @radix-ui/react-aspect-ratio@https://registry.npmjs.org/@radix-ui/react-aspect-ratio/-/react-aspect-ratio-1.1.2.tgz 0ms (cache hit)
2354 http cache @radix-ui/react-avatar@https://registry.npmjs.org/@radix-ui/react-avatar/-/react-avatar-1.1.3.tgz 0ms (cache hit)
2355 http cache @radix-ui/react-alert-dialog@https://registry.npmjs.org/@radix-ui/react-alert-dialog/-/react-alert-dialog-1.1.6.tgz 0ms (cache hit)
2356 http cache @radix-ui/react-accordion@https://registry.npmjs.org/@radix-ui/react-accordion/-/react-accordion-1.2.3.tgz 0ms (cache hit)
2357 http cache @popperjs/core@https://registry.npmjs.org/@popperjs/core/-/core-2.11.8.tgz 0ms (cache hit)
2358 http cache react-dom@https://registry.npmjs.org/react-dom/-/react-dom-18.3.1.tgz 0ms (cache hit)
2359 http cache @mui/material@https://registry.npmjs.org/@mui/material/-/material-7.3.5.tgz 0ms (cache hit)
2360 http cache @mui/icons-material@https://registry.npmjs.org/@mui/icons-material/-/icons-material-7.3.5.tgz 0ms (cache hit)
2361 http cache react@https://registry.npmjs.org/react/-/react-18.3.1.tgz 0ms (cache hit)
2362 http cache @emotion/styled@https://registry.npmjs.org/@emotion/styled/-/styled-11.14.1.tgz 0ms (cache hit)
2363 http cache @emotion/react@https://registry.npmjs.org/@emotion/react/-/react-11.14.0.tgz 0ms (cache hit)
2364 http cache yaml@https://registry.npmjs.org/yaml/-/yaml-1.10.3.tgz 0ms (cache hit)
2365 http cache yallist@https://registry.npmjs.org/yallist/-/yallist-5.0.0.tgz 0ms (cache hit)
2366 http cache convert-source-map@https://registry.npmjs.org/convert-source-map/-/convert-source-map-2.0.0.tgz 0ms (cache hit)
2367 http cache react-is@https://registry.npmjs.org/react-is/-/react-is-16.13.1.tgz 1ms (cache hit)
2368 http cache react-is@https://registry.npmjs.org/react-is/-/react-is-16.13.1.tgz 0ms (cache hit)
2369 silly tarball no local data for word@https://registry.npmjs.org/word/-/word-0.3.0.tgz. Extracting by manifest.
2370 silly tarball no local data for frac@https://registry.npmjs.org/frac/-/frac-1.1.2.tgz. Extracting by manifest.
2371 http cache react-is@https://registry.npmjs.org/react-is/-/react-is-18.3.1.tgz 0ms (cache hit)
2372 silly tarball no local data for wmf@https://registry.npmjs.org/wmf/-/wmf-1.0.2.tgz. Extracting by manifest.
2373 silly tarball no local data for ssf@https://registry.npmjs.org/ssf/-/ssf-0.11.2.tgz. Extracting by manifest.
2374 http cache tailwind-merge@https://registry.npmjs.org/tailwind-merge/-/tailwind-merge-3.2.0.tgz 0ms (cache hit)
2375 silly tarball no local data for cfb@https://registry.npmjs.org/cfb/-/cfb-1.2.2.tgz. Extracting by manifest.
2376 silly tarball no local data for crc-32@https://registry.npmjs.org/crc-32/-/crc-32-1.2.2.tgz. Extracting by manifest.
2377 http cache picocolors@https://registry.npmjs.org/picocolors/-/picocolors-1.1.1.tgz 0ms (cache hit)
2378 silly tarball no local data for codepage@https://registry.npmjs.org/codepage/-/codepage-1.15.0.tgz. Extracting by manifest.
2379 silly tarball no local data for @types/estree@https://registry.npmjs.org/@types/estree/-/estree-1.0.9.tgz. Extracting by manifest.
2380 silly tarball no local data for adler-32@https://registry.npmjs.org/adler-32/-/adler-32-1.3.1.tgz. Extracting by manifest.
2381 silly tarball no local data for @rollup/rollup-win32-x64-msvc@https://registry.npmjs.org/@rollup/rollup-win32-x64-msvc/-/rollup-win32-x64-msvc-4.61.1.tgz. Extracting by manifest.
2382 silly tarball no local data for @rollup/rollup-win32-x64-gnu@https://registry.npmjs.org/@rollup/rollup-win32-x64-gnu/-/rollup-win32-x64-gnu-4.61.1.tgz. Extracting by manifest.
2383 silly tarball no local data for @esbuild/win32-x64@https://registry.npmjs.org/@esbuild/win32-x64/-/win32-x64-0.25.12.tgz. Extracting by manifest.
2384 silly tarball no local data for nanoid@https://registry.npmjs.org/nanoid/-/nanoid-3.3.12.tgz. Extracting by manifest.
2385 silly tarball no local data for yaml@https://registry.npmjs.org/yaml/-/yaml-2.9.0.tgz. Extracting by manifest.
2386 silly tarball no local data for tinyglobby@https://registry.npmjs.org/tinyglobby/-/tinyglobby-0.2.17.tgz. Extracting by manifest.
2387 silly tarball no local data for rollup@https://registry.npmjs.org/rollup/-/rollup-4.61.1.tgz. Extracting by manifest.
2388 silly tarball no local data for postcss@https://registry.npmjs.org/postcss/-/postcss-8.5.15.tgz. Extracting by manifest.
2389 silly tarball no local data for fdir@https://registry.npmjs.org/fdir/-/fdir-6.5.0.tgz. Extracting by manifest.
2390 silly tarball no local data for picomatch@https://registry.npmjs.org/picomatch/-/picomatch-4.0.4.tgz. Extracting by manifest.
2391 silly tarball no local data for esbuild@https://registry.npmjs.org/esbuild/-/esbuild-0.25.12.tgz. Extracting by manifest.
2392 silly tarball no local data for d3-path@https://registry.npmjs.org/d3-path/-/d3-path-3.1.0.tgz. Extracting by manifest.
2393 silly tarball no local data for d3-time-format@https://registry.npmjs.org/d3-time-format/-/d3-time-format-4.1.0.tgz. Extracting by manifest.
2394 silly tarball no local data for d3-format@https://registry.npmjs.org/d3-format/-/d3-format-3.1.2.tgz. Extracting by manifest.
2395 silly tarball no local data for d3-color@https://registry.npmjs.org/d3-color/-/d3-color-3.1.0.tgz. Extracting by manifest.
2396 silly tarball no local data for @types/d3-path@https://registry.npmjs.org/@types/d3-path/-/d3-path-3.1.1.tgz. Extracting by manifest.
2397 silly tarball no local data for @types/d3-color@https://registry.npmjs.org/@types/d3-color/-/d3-color-3.1.3.tgz. Extracting by manifest.
2398 silly tarball no local data for internmap@https://registry.npmjs.org/internmap/-/internmap-2.0.3.tgz. Extracting by manifest.
2399 silly tarball no local data for d3-timer@https://registry.npmjs.org/d3-timer/-/d3-timer-3.0.1.tgz. Extracting by manifest.
2400 silly tarball no local data for d3-time@https://registry.npmjs.org/d3-time/-/d3-time-3.1.0.tgz. Extracting by manifest.
2401 silly tarball no local data for d3-shape@https://registry.npmjs.org/d3-shape/-/d3-shape-3.2.0.tgz. Extracting by manifest.
2402 silly tarball no local data for d3-scale@https://registry.npmjs.org/d3-scale/-/d3-scale-4.0.2.tgz. Extracting by manifest.
2403 silly tarball no local data for d3-interpolate@https://registry.npmjs.org/d3-interpolate/-/d3-interpolate-3.0.1.tgz. Extracting by manifest.
2404 silly tarball no local data for d3-ease@https://registry.npmjs.org/d3-ease/-/d3-ease-3.0.1.tgz. Extracting by manifest.
2405 silly tarball no local data for d3-array@https://registry.npmjs.org/d3-array/-/d3-array-3.2.4.tgz. Extracting by manifest.
2406 silly tarball no local data for @types/d3-timer@https://registry.npmjs.org/@types/d3-timer/-/d3-timer-3.0.2.tgz. Extracting by manifest.
2407 silly tarball no local data for @types/d3-shape@https://registry.npmjs.org/@types/d3-shape/-/d3-shape-3.1.8.tgz. Extracting by manifest.
2408 silly tarball no local data for @types/d3-interpolate@https://registry.npmjs.org/@types/d3-interpolate/-/d3-interpolate-3.0.4.tgz. Extracting by manifest.
2409 silly tarball no local data for @types/d3-time@https://registry.npmjs.org/@types/d3-time/-/d3-time-3.0.4.tgz. Extracting by manifest.
2410 silly tarball no local data for @types/d3-scale@https://registry.npmjs.org/@types/d3-scale/-/d3-scale-4.0.9.tgz. Extracting by manifest.
2411 silly tarball no local data for @types/d3-ease@https://registry.npmjs.org/@types/d3-ease/-/d3-ease-3.0.2.tgz. Extracting by manifest.
2412 silly tarball no local data for @types/d3-array@https://registry.npmjs.org/@types/d3-array/-/d3-array-3.2.2.tgz. Extracting by manifest.
2413 silly tarball no local data for detect-node-es@https://registry.npmjs.org/detect-node-es/-/detect-node-es-1.1.0.tgz. Extracting by manifest.
2414 silly tarball no local data for escalade@https://registry.npmjs.org/escalade/-/escalade-3.2.0.tgz. Extracting by manifest.
2415 silly tarball no local data for minipass@https://registry.npmjs.org/minipass/-/minipass-7.1.3.tgz. Extracting by manifest.
2416 silly tarball no local data for minizlib@https://registry.npmjs.org/minizlib/-/minizlib-3.1.0.tgz. Extracting by manifest.
2417 silly tarball no local data for chownr@https://registry.npmjs.org/chownr/-/chownr-3.0.0.tgz. Extracting by manifest.
2418 silly tarball no local data for supports-preserve-symlinks-flag@https://registry.npmjs.org/supports-preserve-symlinks-flag/-/supports-preserve-symlinks-flag-1.0.0.tgz. Extracting by manifest.
2419 silly tarball no local data for hasown@https://registry.npmjs.org/hasown/-/hasown-2.0.4.tgz. Extracting by manifest.
2420 silly tarball no local data for function-bind@https://registry.npmjs.org/function-bind/-/function-bind-1.1.2.tgz. Extracting by manifest.
2421 silly tarball no local data for path-parse@https://registry.npmjs.org/path-parse/-/path-parse-1.0.7.tgz. Extracting by manifest.
2422 silly tarball no local data for is-core-module@https://registry.npmjs.org/is-core-module/-/is-core-module-2.16.2.tgz. Extracting by manifest.
2423 silly tarball no local data for es-errors@https://registry.npmjs.org/es-errors/-/es-errors-1.3.0.tgz. Extracting by manifest.
2424 silly tarball no local data for decimal.js-light@https://registry.npmjs.org/decimal.js-light/-/decimal.js-light-2.5.1.tgz. Extracting by manifest.
2425 silly tarball no local data for fast-equals@https://registry.npmjs.org/fast-equals/-/fast-equals-5.4.0.tgz. Extracting by manifest.
2426 silly tarball no local data for tiny-invariant@https://registry.npmjs.org/tiny-invariant/-/tiny-invariant-1.3.3.tgz. Extracting by manifest.
2427 silly tarball no local data for react-smooth@https://registry.npmjs.org/react-smooth/-/react-smooth-4.0.4.tgz. Extracting by manifest.
2428 silly tarball no local data for lodash@https://registry.npmjs.org/lodash/-/lodash-4.18.1.tgz. Extracting by manifest.
2429 silly tarball no local data for eventemitter3@https://registry.npmjs.org/eventemitter3/-/eventemitter3-4.0.7.tgz. Extracting by manifest.
2430 silly tarball no local data for dom-helpers@https://registry.npmjs.org/dom-helpers/-/dom-helpers-5.2.1.tgz. Extracting by manifest.
2431 silly tarball no local data for get-nonce@https://registry.npmjs.org/get-nonce/-/get-nonce-1.0.1.tgz. Extracting by manifest.
2432 silly tarball no local data for string-convert@https://registry.npmjs.org/string-convert/-/string-convert-0.2.1.tgz. Extracting by manifest.
2433 silly tarball no local data for resize-observer-polyfill@https://registry.npmjs.org/resize-observer-polyfill/-/resize-observer-polyfill-1.5.1.tgz. Extracting by manifest.
2434 silly tarball no local data for lodash.debounce@https://registry.npmjs.org/lodash.debounce/-/lodash.debounce-4.0.8.tgz. Extracting by manifest.
2435 silly tarball no local data for json2mq@https://registry.npmjs.org/json2mq/-/json2mq-0.2.0.tgz. Extracting by manifest.
2436 silly tarball no local data for classnames@https://registry.npmjs.org/classnames/-/classnames-2.5.1.tgz. Extracting by manifest.
2437 silly tarball no local data for set-cookie-parser@https://registry.npmjs.org/set-cookie-parser/-/set-cookie-parser-2.7.2.tgz. Extracting by manifest.
2438 silly tarball no local data for cookie@https://registry.npmjs.org/cookie/-/cookie-1.1.1.tgz. Extracting by manifest.
2439 silly tarball no local data for use-sidecar@https://registry.npmjs.org/use-sidecar/-/use-sidecar-1.1.3.tgz. Extracting by manifest.
2440 silly tarball no local data for use-callback-ref@https://registry.npmjs.org/use-callback-ref/-/use-callback-ref-1.3.3.tgz. Extracting by manifest.
2441 silly tarball no local data for react-remove-scroll-bar@https://registry.npmjs.org/react-remove-scroll-bar/-/react-remove-scroll-bar-2.3.8.tgz. Extracting by manifest.
2442 silly tarball no local data for react-style-singleton@https://registry.npmjs.org/react-style-singleton/-/react-style-singleton-2.2.3.tgz. Extracting by manifest.
2443 silly tarball no local data for victory-vendor@https://registry.npmjs.org/victory-vendor/-/victory-vendor-36.9.2.tgz. Extracting by manifest.
2444 silly tarball no local data for warning@https://registry.npmjs.org/warning/-/warning-4.0.3.tgz. Extracting by manifest.
2445 silly tarball no local data for react-fast-compare@https://registry.npmjs.org/react-fast-compare/-/react-fast-compare-3.2.2.tgz. Extracting by manifest.
2446 silly tarball no local data for recharts-scale@https://registry.npmjs.org/recharts-scale/-/recharts-scale-0.4.5.tgz. Extracting by manifest.
2447 silly tarball no local data for scheduler@https://registry.npmjs.org/scheduler/-/scheduler-0.23.2.tgz. Extracting by manifest.
2448 silly tarball no local data for @react-dnd/asap@https://registry.npmjs.org/@react-dnd/asap/-/asap-5.0.2.tgz. Extracting by manifest.
2449 silly tarball no local data for redux@https://registry.npmjs.org/redux/-/redux-4.2.1.tgz. Extracting by manifest.
2450 silly tarball no local data for @react-dnd/shallowequal@https://registry.npmjs.org/@react-dnd/shallowequal/-/shallowequal-4.0.2.tgz. Extracting by manifest.
2451 silly tarball no local data for fast-deep-equal@https://registry.npmjs.org/fast-deep-equal/-/fast-deep-equal-3.1.3.tgz. Extracting by manifest.
2452 silly tarball no local data for dnd-core@https://registry.npmjs.org/dnd-core/-/dnd-core-16.0.1.tgz. Extracting by manifest.
2453 silly tarball no local data for @react-dnd/invariant@https://registry.npmjs.org/@react-dnd/invariant/-/invariant-4.0.2.tgz. Extracting by manifest.
2454 silly tarball no local data for object-assign@https://registry.npmjs.org/object-assign/-/object-assign-4.1.1.tgz. Extracting by manifest.
2455 silly tarball no local data for loose-envify@https://registry.npmjs.org/loose-envify/-/loose-envify-1.4.0.tgz. Extracting by manifest.
2456 silly tarball no local data for is-arrayish@https://registry.npmjs.org/is-arrayish/-/is-arrayish-0.2.1.tgz. Extracting by manifest.
2457 silly tarball no local data for lines-and-columns@https://registry.npmjs.org/lines-and-columns/-/lines-and-columns-1.2.4.tgz. Extracting by manifest.
2458 silly tarball no local data for json-parse-even-better-errors@https://registry.npmjs.org/json-parse-even-better-errors/-/json-parse-even-better-errors-2.3.1.tgz. Extracting by manifest.
2459 silly tarball no local data for error-ex@https://registry.npmjs.org/error-ex/-/error-ex-1.3.4.tgz. Extracting by manifest.
2460 silly tarball no local data for callsites@https://registry.npmjs.org/callsites/-/callsites-3.1.0.tgz. Extracting by manifest.
2461 silly tarball no local data for motion-utils@https://registry.npmjs.org/motion-utils/-/motion-utils-12.39.0.tgz. Extracting by manifest.
2462 silly tarball no local data for framer-motion@https://registry.npmjs.org/framer-motion/-/framer-motion-12.40.0.tgz. Extracting by manifest.
2463 silly tarball no local data for motion-dom@https://registry.npmjs.org/motion-dom/-/motion-dom-12.40.0.tgz. Extracting by manifest.
2464 silly tarball no local data for yallist@https://registry.npmjs.org/yallist/-/yallist-3.1.1.tgz. Extracting by manifest.
2465 silly tarball no local data for lightningcss-win32-x64-msvc@https://registry.npmjs.org/lightningcss-win32-x64-msvc/-/lightningcss-win32-x64-msvc-1.30.1.tgz. Extracting by manifest.
2466 silly tarball no local data for resolve-from@https://registry.npmjs.org/resolve-from/-/resolve-from-4.0.0.tgz. Extracting by manifest.
2467 silly tarball no local data for parent-module@https://registry.npmjs.org/parent-module/-/parent-module-1.0.1.tgz. Extracting by manifest.
2468 silly tarball no local data for tapable@https://registry.npmjs.org/tapable/-/tapable-2.3.3.tgz. Extracting by manifest.
2469 silly tarball no local data for graceful-fs@https://registry.npmjs.org/graceful-fs/-/graceful-fs-4.2.11.tgz. Extracting by manifest.
2470 silly tarball no local data for embla-carousel@https://registry.npmjs.org/embla-carousel/-/embla-carousel-8.6.0.tgz. Extracting by manifest.
2471 silly tarball no local data for embla-carousel-reactive-utils@https://registry.npmjs.org/embla-carousel-reactive-utils/-/embla-carousel-reactive-utils-8.6.0.tgz. Extracting by manifest.
2472 silly tarball no local data for ms@https://registry.npmjs.org/ms/-/ms-2.1.3.tgz. Extracting by manifest.
2473 silly tarball no local data for path-type@https://registry.npmjs.org/path-type/-/path-type-4.0.0.tgz. Extracting by manifest.
2474 silly tarball no local data for parse-json@https://registry.npmjs.org/parse-json/-/parse-json-5.2.0.tgz. Extracting by manifest.
2475 silly tarball no local data for import-fresh@https://registry.npmjs.org/import-fresh/-/import-fresh-3.3.1.tgz. Extracting by manifest.
2476 silly tarball no local data for update-browserslist-db@https://registry.npmjs.org/update-browserslist-db/-/update-browserslist-db-1.2.3.tgz. Extracting by manifest.
2477 silly tarball no local data for @types/parse-json@https://registry.npmjs.org/@types/parse-json/-/parse-json-4.0.2.tgz. Extracting by manifest.
2478 silly tarball no local data for node-releases@https://registry.npmjs.org/node-releases/-/node-releases-2.0.47.tgz. Extracting by manifest.
2479 silly tarball no local data for @isaacs/fs-minipass@https://registry.npmjs.org/@isaacs/fs-minipass/-/fs-minipass-4.0.1.tgz. Extracting by manifest.
2480 silly tarball no local data for electron-to-chromium@https://registry.npmjs.org/electron-to-chromium/-/electron-to-chromium-1.5.368.tgz. Extracting by manifest.
2481 silly tarball no local data for caniuse-lite@https://registry.npmjs.org/caniuse-lite/-/caniuse-lite-1.0.30001797.tgz. Extracting by manifest.
2482 silly tarball no local data for baseline-browser-mapping@https://registry.npmjs.org/baseline-browser-mapping/-/baseline-browser-mapping-2.10.34.tgz. Extracting by manifest.
2483 silly tarball no local data for resolve@https://registry.npmjs.org/resolve/-/resolve-1.22.12.tgz. Extracting by manifest.
2484 silly tarball no local data for cosmiconfig@https://registry.npmjs.org/cosmiconfig/-/cosmiconfig-7.1.0.tgz. Extracting by manifest.
2485 silly tarball no local data for tslib@https://registry.npmjs.org/tslib/-/tslib-2.8.1.tgz. Extracting by manifest.
2486 silly tarball no local data for @babel/helper-plugin-utils@https://registry.npmjs.org/@babel/helper-plugin-utils/-/helper-plugin-utils-7.29.7.tgz. Extracting by manifest.
2487 silly tarball no local data for @types/babel__traverse@https://registry.npmjs.org/@types/babel__traverse/-/babel__traverse-7.28.0.tgz. Extracting by manifest.
2488 silly tarball no local data for lru-cache@https://registry.npmjs.org/lru-cache/-/lru-cache-5.1.1.tgz. Extracting by manifest.
2489 silly tarball no local data for @types/babel__generator@https://registry.npmjs.org/@types/babel__generator/-/babel__generator-7.27.0.tgz. Extracting by manifest.
2490 silly tarball no local data for @types/babel__template@https://registry.npmjs.org/@types/babel__template/-/babel__template-7.4.4.tgz. Extracting by manifest.
2491 silly tarball no local data for browserslist@https://registry.npmjs.org/browserslist/-/browserslist-4.28.2.tgz. Extracting by manifest.
2492 silly tarball no local data for semver@https://registry.npmjs.org/semver/-/semver-6.3.1.tgz. Extracting by manifest.
2493 silly tarball no local data for json5@https://registry.npmjs.org/json5/-/json5-2.2.3.tgz. Extracting by manifest.
2494 silly tarball no local data for gensync@https://registry.npmjs.org/gensync/-/gensync-1.0.0-beta.2.tgz. Extracting by manifest.
2495 silly tarball no local data for @babel/compat-data@https://registry.npmjs.org/@babel/compat-data/-/compat-data-7.29.7.tgz. Extracting by manifest.
2496 silly tarball no local data for @babel/helper-validator-option@https://registry.npmjs.org/@babel/helper-validator-option/-/helper-validator-option-7.29.7.tgz. Extracting by manifest.
2497 silly tarball no local data for @babel/helpers@https://registry.npmjs.org/@babel/helpers/-/helpers-7.29.7.tgz. Extracting by manifest.
2498 silly tarball no local data for react-refresh@https://registry.npmjs.org/react-refresh/-/react-refresh-0.17.0.tgz. Extracting by manifest.
2499 silly tarball no local data for @types/babel__core@https://registry.npmjs.org/@types/babel__core/-/babel__core-7.20.5.tgz. Extracting by manifest.
2500 silly tarball no local data for @rolldown/pluginutils@https://registry.npmjs.org/@rolldown/pluginutils/-/pluginutils-1.0.0-beta.27.tgz. Extracting by manifest.
2501 silly tarball no local data for @babel/helper-module-transforms@https://registry.npmjs.org/@babel/helper-module-transforms/-/helper-module-transforms-7.29.7.tgz. Extracting by manifest.
2502 silly tarball no local data for @babel/helper-compilation-targets@https://registry.npmjs.org/@babel/helper-compilation-targets/-/helper-compilation-targets-7.29.7.tgz. Extracting by manifest.
2503 silly tarball no local data for @babel/plugin-transform-react-jsx-source@https://registry.npmjs.org/@babel/plugin-transform-react-jsx-source/-/plugin-transform-react-jsx-source-7.29.7.tgz. Extracting by manifest.
2504 silly tarball no local data for detect-libc@https://registry.npmjs.org/detect-libc/-/detect-libc-2.1.2.tgz. Extracting by manifest.
2505 silly tarball no local data for @tailwindcss/oxide-win32-x64-msvc@https://registry.npmjs.org/@tailwindcss/oxide-win32-x64-msvc/-/oxide-win32-x64-msvc-4.1.12.tgz. Extracting by manifest.
2506 silly tarball no local data for tar@https://registry.npmjs.org/tar/-/tar-7.5.16.tgz. Extracting by manifest.
2507 silly tarball no local data for @babel/plugin-transform-react-jsx-self@https://registry.npmjs.org/@babel/plugin-transform-react-jsx-self/-/plugin-transform-react-jsx-self-7.29.7.tgz. Extracting by manifest.
2508 silly tarball no local data for source-map-js@https://registry.npmjs.org/source-map-js/-/source-map-js-1.2.1.tgz. Extracting by manifest.
2509 silly tarball no local data for @babel/core@https://registry.npmjs.org/@babel/core/-/core-7.29.7.tgz. Extracting by manifest.
2510 silly tarball no local data for magic-string@https://registry.npmjs.org/magic-string/-/magic-string-0.30.21.tgz. Extracting by manifest.
2511 silly tarball no local data for lightningcss@https://registry.npmjs.org/lightningcss/-/lightningcss-1.30.1.tgz. Extracting by manifest.
2512 silly tarball no local data for @jridgewell/remapping@https://registry.npmjs.org/@jridgewell/remapping/-/remapping-2.3.5.tgz. Extracting by manifest.
2513 silly tarball no local data for jiti@https://registry.npmjs.org/jiti/-/jiti-2.7.0.tgz. Extracting by manifest.
2514 silly tarball no local data for enhanced-resolve@https://registry.npmjs.org/enhanced-resolve/-/enhanced-resolve-5.23.0.tgz. Extracting by manifest.
2515 silly tarball no local data for @radix-ui/number@https://registry.npmjs.org/@radix-ui/number/-/number-1.1.0.tgz. Extracting by manifest.
2516 silly tarball no local data for @tailwindcss/oxide@https://registry.npmjs.org/@tailwindcss/oxide/-/oxide-4.1.12.tgz. Extracting by manifest.
2517 silly tarball no local data for @floating-ui/utils@https://registry.npmjs.org/@floating-ui/utils/-/utils-0.2.11.tgz. Extracting by manifest.
2518 silly tarball no local data for @tailwindcss/node@https://registry.npmjs.org/@tailwindcss/node/-/node-4.1.12.tgz. Extracting by manifest.
2519 silly tarball no local data for @floating-ui/dom@https://registry.npmjs.org/@floating-ui/dom/-/dom-1.7.6.tgz. Extracting by manifest.
2520 silly tarball no local data for @floating-ui/core@https://registry.npmjs.org/@floating-ui/core/-/core-1.7.5.tgz. Extracting by manifest.
2521 silly tarball no local data for @radix-ui/rect@https://registry.npmjs.org/@radix-ui/rect/-/rect-1.1.0.tgz. Extracting by manifest.
2522 silly tarball no local data for @floating-ui/react-dom@https://registry.npmjs.org/@floating-ui/react-dom/-/react-dom-2.1.8.tgz. Extracting by manifest.
2523 silly tarball no local data for @radix-ui/react-use-rect@https://registry.npmjs.org/@radix-ui/react-use-rect/-/react-use-rect-1.1.0.tgz. Extracting by manifest.
2524 silly tarball no local data for @radix-ui/react-arrow@https://registry.npmjs.org/@radix-ui/react-arrow/-/react-arrow-1.1.2.tgz. Extracting by manifest.
2525 silly tarball no local data for @radix-ui/react-visually-hidden@https://registry.npmjs.org/@radix-ui/react-visually-hidden/-/react-visually-hidden-1.1.2.tgz. Extracting by manifest.
2526 silly tarball no local data for @radix-ui/react-popper@https://registry.npmjs.org/@radix-ui/react-popper/-/react-popper-1.2.2.tgz. Extracting by manifest.
2527 silly tarball no local data for @radix-ui/react-roving-focus@https://registry.npmjs.org/@radix-ui/react-roving-focus/-/react-roving-focus-1.1.2.tgz. Extracting by manifest.
2528 silly tarball no local data for react-remove-scroll@https://registry.npmjs.org/react-remove-scroll/-/react-remove-scroll-2.7.2.tgz. Extracting by manifest.
2529 silly tarball no local data for aria-hidden@https://registry.npmjs.org/aria-hidden/-/aria-hidden-1.2.6.tgz. Extracting by manifest.
2530 silly tarball no local data for @radix-ui/react-use-escape-keydown@https://registry.npmjs.org/@radix-ui/react-use-escape-keydown/-/react-use-escape-keydown-1.1.0.tgz. Extracting by manifest.
2531 silly tarball no local data for @radix-ui/react-portal@https://registry.npmjs.org/@radix-ui/react-portal/-/react-portal-1.1.4.tgz. Extracting by manifest.
2532 silly tarball no local data for @radix-ui/react-focus-guards@https://registry.npmjs.org/@radix-ui/react-focus-guards/-/react-focus-guards-1.1.1.tgz. Extracting by manifest.
2533 silly tarball no local data for @radix-ui/react-dismissable-layer@https://registry.npmjs.org/@radix-ui/react-dismissable-layer/-/react-dismissable-layer-1.1.5.tgz. Extracting by manifest.
2534 silly tarball no local data for @radix-ui/react-menu@https://registry.npmjs.org/@radix-ui/react-menu/-/react-menu-2.1.6.tgz. Extracting by manifest.
2535 silly tarball no local data for @radix-ui/react-use-size@https://registry.npmjs.org/@radix-ui/react-use-size/-/react-use-size-1.1.0.tgz. Extracting by manifest.
2536 silly tarball no local data for @radix-ui/react-use-previous@https://registry.npmjs.org/@radix-ui/react-use-previous/-/react-use-previous-1.1.0.tgz. Extracting by manifest.
2537 silly tarball no local data for @radix-ui/react-presence@https://registry.npmjs.org/@radix-ui/react-presence/-/react-presence-1.1.2.tgz. Extracting by manifest.
2538 silly tarball no local data for @radix-ui/react-use-callback-ref@https://registry.npmjs.org/@radix-ui/react-use-callback-ref/-/react-use-callback-ref-1.1.0.tgz. Extracting by manifest.
2539 silly tarball no local data for @radix-ui/react-use-layout-effect@https://registry.npmjs.org/@radix-ui/react-use-layout-effect/-/react-use-layout-effect-1.1.0.tgz. Extracting by manifest.
2540 silly tarball no local data for @radix-ui/react-use-controllable-state@https://registry.npmjs.org/@radix-ui/react-use-controllable-state/-/react-use-controllable-state-1.1.0.tgz. Extracting by manifest.
2541 silly tarball no local data for @radix-ui/react-primitive@https://registry.npmjs.org/@radix-ui/react-primitive/-/react-primitive-2.0.2.tgz. Extracting by manifest.
2542 silly tarball no local data for @radix-ui/react-focus-scope@https://registry.npmjs.org/@radix-ui/react-focus-scope/-/react-focus-scope-1.1.2.tgz. Extracting by manifest.
2543 silly tarball no local data for @radix-ui/react-id@https://registry.npmjs.org/@radix-ui/react-id/-/react-id-1.1.0.tgz. Extracting by manifest.
2544 silly tarball no local data for @radix-ui/react-context@https://registry.npmjs.org/@radix-ui/react-context/-/react-context-1.1.1.tgz. Extracting by manifest.
2545 silly tarball no local data for @radix-ui/react-direction@https://registry.npmjs.org/@radix-ui/react-direction/-/react-direction-1.1.0.tgz. Extracting by manifest.
2546 silly tarball no local data for @radix-ui/react-compose-refs@https://registry.npmjs.org/@radix-ui/react-compose-refs/-/react-compose-refs-1.1.1.tgz. Extracting by manifest.
2547 silly tarball no local data for @radix-ui/react-collection@https://registry.npmjs.org/@radix-ui/react-collection/-/react-collection-1.1.2.tgz. Extracting by manifest.
2548 silly tarball no local data for @radix-ui/primitive@https://registry.npmjs.org/@radix-ui/primitive/-/primitive-1.1.1.tgz. Extracting by manifest.
2549 silly tarball no local data for @types/prop-types@https://registry.npmjs.org/@types/prop-types/-/prop-types-15.7.15.tgz. Extracting by manifest.
2550 silly tarball no local data for @mui/styled-engine@https://registry.npmjs.org/@mui/styled-engine/-/styled-engine-7.3.10.tgz. Extracting by manifest.
2551 silly tarball no local data for react-transition-group@https://registry.npmjs.org/react-transition-group/-/react-transition-group-4.4.5.tgz. Extracting by manifest.
2552 silly tarball no local data for @mui/private-theming@https://registry.npmjs.org/@mui/private-theming/-/private-theming-7.3.11.tgz. Extracting by manifest.
2553 silly tarball no local data for react-is@https://registry.npmjs.org/react-is/-/react-is-19.2.7.tgz. Extracting by manifest.
2554 silly tarball no local data for @types/react-transition-group@https://registry.npmjs.org/@types/react-transition-group/-/react-transition-group-4.4.12.tgz. Extracting by manifest.
2555 silly tarball no local data for @mui/utils@https://registry.npmjs.org/@mui/utils/-/utils-7.3.11.tgz. Extracting by manifest.
2556 silly tarball no local data for prop-types@https://registry.npmjs.org/prop-types/-/prop-types-15.8.1.tgz. Extracting by manifest.
2557 silly tarball no local data for @types/react@https://registry.npmjs.org/@types/react/-/react-19.2.17.tgz. Extracting by manifest.
2558 silly tarball no local data for @jridgewell/resolve-uri@https://registry.npmjs.org/@jridgewell/resolve-uri/-/resolve-uri-3.1.2.tgz. Extracting by manifest.
2559 silly tarball no local data for @mui/system@https://registry.npmjs.org/@mui/system/-/system-7.3.11.tgz. Extracting by manifest.
2560 silly tarball no local data for @mui/core-downloads-tracker@https://registry.npmjs.org/@mui/core-downloads-tracker/-/core-downloads-tracker-7.3.11.tgz. Extracting by manifest.
2561 silly tarball no local data for @mui/types@https://registry.npmjs.org/@mui/types/-/types-7.4.12.tgz. Extracting by manifest.
2562 silly tarball no local data for @jridgewell/sourcemap-codec@https://registry.npmjs.org/@jridgewell/sourcemap-codec/-/sourcemap-codec-1.5.5.tgz. Extracting by manifest.
2563 silly tarball no local data for csstype@https://registry.npmjs.org/csstype/-/csstype-3.2.3.tgz. Extracting by manifest.
2564 silly tarball no local data for @emotion/is-prop-valid@https://registry.npmjs.org/@emotion/is-prop-valid/-/is-prop-valid-1.4.0.tgz. Extracting by manifest.
2565 silly tarball no local data for @babel/helper-string-parser@https://registry.npmjs.org/@babel/helper-string-parser/-/helper-string-parser-7.29.7.tgz. Extracting by manifest.
2566 silly tarball no local data for @emotion/sheet@https://registry.npmjs.org/@emotion/sheet/-/sheet-1.4.0.tgz. Extracting by manifest.
2567 silly tarball no local data for jsesc@https://registry.npmjs.org/jsesc/-/jsesc-3.1.0.tgz. Extracting by manifest.
2568 silly tarball no local data for @emotion/unitless@https://registry.npmjs.org/@emotion/unitless/-/unitless-0.10.0.tgz. Extracting by manifest.
2569 silly tarball no local data for @jridgewell/trace-mapping@https://registry.npmjs.org/@jridgewell/trace-mapping/-/trace-mapping-0.3.31.tgz. Extracting by manifest.
2570 silly tarball no local data for @jridgewell/gen-mapping@https://registry.npmjs.org/@jridgewell/gen-mapping/-/gen-mapping-0.3.13.tgz. Extracting by manifest.
2571 http cache @radix-ui/react-toggle@https://registry.npmjs.org/@radix-ui/react-toggle/-/react-toggle-1.1.2.tgz 0ms (cache hit)
2572 silly tarball no local data for @babel/helper-validator-identifier@https://registry.npmjs.org/@babel/helper-validator-identifier/-/helper-validator-identifier-7.29.7.tgz. Extracting by manifest.
2573 silly tarball no local data for js-tokens@https://registry.npmjs.org/js-tokens/-/js-tokens-4.0.0.tgz. Extracting by manifest.
2574 silly tarball no local data for debug@https://registry.npmjs.org/debug/-/debug-4.4.3.tgz. Extracting by manifest.
2575 silly tarball no local data for @babel/template@https://registry.npmjs.org/@babel/template/-/template-7.29.7.tgz. Extracting by manifest.
2576 silly tarball no local data for @babel/parser@https://registry.npmjs.org/@babel/parser/-/parser-7.29.7.tgz. Extracting by manifest.
2577 silly tarball no local data for @babel/helper-globals@https://registry.npmjs.org/@babel/helper-globals/-/helper-globals-7.29.7.tgz. Extracting by manifest.
2578 silly tarball no local data for @babel/generator@https://registry.npmjs.org/@babel/generator/-/generator-7.29.7.tgz. Extracting by manifest.
2579 silly tarball no local data for @babel/traverse@https://registry.npmjs.org/@babel/traverse/-/traverse-7.29.7.tgz. Extracting by manifest.
2580 silly tarball no local data for @babel/types@https://registry.npmjs.org/@babel/types/-/types-7.29.7.tgz. Extracting by manifest.
2581 silly tarball no local data for @babel/code-frame@https://registry.npmjs.org/@babel/code-frame/-/code-frame-7.29.7.tgz. Extracting by manifest.
2582 silly tarball no local data for stylis@https://registry.npmjs.org/stylis/-/stylis-4.2.0.tgz. Extracting by manifest.
2583 silly tarball no local data for source-map@https://registry.npmjs.org/source-map/-/source-map-0.5.7.tgz. Extracting by manifest.
2584 silly tarball no local data for find-root@https://registry.npmjs.org/find-root/-/find-root-1.1.0.tgz. Extracting by manifest.
2585 silly tarball no local data for escape-string-regexp@https://registry.npmjs.org/escape-string-regexp/-/escape-string-regexp-4.0.0.tgz. Extracting by manifest.
2586 silly tarball no local data for convert-source-map@https://registry.npmjs.org/convert-source-map/-/convert-source-map-1.9.0.tgz. Extracting by manifest.
2587 silly tarball no local data for babel-plugin-macros@https://registry.npmjs.org/babel-plugin-macros/-/babel-plugin-macros-3.1.0.tgz. Extracting by manifest.
2588 silly tarball no local data for @emotion/memoize@https://registry.npmjs.org/@emotion/memoize/-/memoize-0.9.0.tgz. Extracting by manifest.
2589 silly tarball no local data for @emotion/hash@https://registry.npmjs.org/@emotion/hash/-/hash-0.9.2.tgz. Extracting by manifest.
2590 silly tarball no local data for @babel/helper-module-imports@https://registry.npmjs.org/@babel/helper-module-imports/-/helper-module-imports-7.29.7.tgz. Extracting by manifest.
2591 silly tarball no local data for hoist-non-react-statics@https://registry.npmjs.org/hoist-non-react-statics/-/hoist-non-react-statics-3.3.2.tgz. Extracting by manifest.
2592 silly tarball no local data for @emotion/weak-memoize@https://registry.npmjs.org/@emotion/weak-memoize/-/weak-memoize-0.4.0.tgz. Extracting by manifest.
2593 silly tarball no local data for @emotion/utils@https://registry.npmjs.org/@emotion/utils/-/utils-1.4.2.tgz. Extracting by manifest.
2594 silly tarball no local data for @emotion/use-insertion-effect-with-fallbacks@https://registry.npmjs.org/@emotion/use-insertion-effect-with-fallbacks/-/use-insertion-effect-with-fallbacks-1.2.0.tgz. Extracting by manifest.
2595 silly tarball no local data for @emotion/serialize@https://registry.npmjs.org/@emotion/serialize/-/serialize-1.3.3.tgz. Extracting by manifest.
2596 silly tarball no local data for @babel/runtime@https://registry.npmjs.org/@babel/runtime/-/runtime-7.29.7.tgz. Extracting by manifest.
2597 silly tarball no local data for @emotion/cache@https://registry.npmjs.org/@emotion/cache/-/cache-11.14.0.tgz. Extracting by manifest.
2598 silly tarball no local data for @emotion/babel-plugin@https://registry.npmjs.org/@emotion/babel-plugin/-/babel-plugin-11.13.5.tgz. Extracting by manifest.
2599 silly tarball no local data for xlsx@https://registry.npmjs.org/xlsx/-/xlsx-0.18.5.tgz. Extracting by manifest.
2600 silly tarball no local data for vaul@https://registry.npmjs.org/vaul/-/vaul-1.1.2.tgz. Extracting by manifest.
2601 silly tarball no local data for tw-animate-css@https://registry.npmjs.org/tw-animate-css/-/tw-animate-css-1.3.8.tgz. Extracting by manifest.
2602 silly tarball no local data for tailwindcss@https://registry.npmjs.org/tailwindcss/-/tailwindcss-4.1.12.tgz. Extracting by manifest.
2603 silly tarball no local data for recharts@https://registry.npmjs.org/recharts/-/recharts-2.15.2.tgz. Extracting by manifest.
2604 silly tarball no local data for sonner@https://registry.npmjs.org/sonner/-/sonner-2.0.3.tgz. Extracting by manifest.
2605 silly tarball no local data for react-router@https://registry.npmjs.org/react-router/-/react-router-7.13.0.tgz. Extracting by manifest.
2606 silly tarball no local data for react-responsive-masonry@https://registry.npmjs.org/react-responsive-masonry/-/react-responsive-masonry-2.7.1.tgz. Extracting by manifest.
2607 silly tarball no local data for react-slick@https://registry.npmjs.org/react-slick/-/react-slick-0.31.0.tgz. Extracting by manifest.
2608 silly tarball no local data for react-popper@https://registry.npmjs.org/react-popper/-/react-popper-2.3.0.tgz. Extracting by manifest.
2609 silly tarball no local data for react-resizable-panels@https://registry.npmjs.org/react-resizable-panels/-/react-resizable-panels-2.1.7.tgz. Extracting by manifest.
2610 silly tarball no local data for react-hook-form@https://registry.npmjs.org/react-hook-form/-/react-hook-form-7.55.0.tgz. Extracting by manifest.
2611 silly tarball no local data for react-dnd@https://registry.npmjs.org/react-dnd/-/react-dnd-16.0.1.tgz. Extracting by manifest.
2612 silly tarball no local data for react-day-picker@https://registry.npmjs.org/react-day-picker/-/react-day-picker-8.10.1.tgz. Extracting by manifest.
2613 silly tarball no local data for react-dnd-html5-backend@https://registry.npmjs.org/react-dnd-html5-backend/-/react-dnd-html5-backend-16.0.1.tgz. Extracting by manifest.
2614 silly tarball no local data for qrcode.react@https://registry.npmjs.org/qrcode.react/-/qrcode.react-4.2.0.tgz. Extracting by manifest.
2615 silly tarball no local data for lucide-react@https://registry.npmjs.org/lucide-react/-/lucide-react-0.487.0.tgz. Extracting by manifest.
2616 silly tarball no local data for input-otp@https://registry.npmjs.org/input-otp/-/input-otp-1.4.2.tgz. Extracting by manifest.
2617 silly tarball no local data for embla-carousel-react@https://registry.npmjs.org/embla-carousel-react/-/embla-carousel-react-8.6.0.tgz. Extracting by manifest.
2618 silly tarball no local data for motion@https://registry.npmjs.org/motion/-/motion-12.23.24.tgz. Extracting by manifest.
2619 silly tarball no local data for date-fns@https://registry.npmjs.org/date-fns/-/date-fns-3.6.0.tgz. Extracting by manifest.
2620 silly tarball no local data for cmdk@https://registry.npmjs.org/cmdk/-/cmdk-1.1.1.tgz. Extracting by manifest.
2621 silly tarball no local data for clsx@https://registry.npmjs.org/clsx/-/clsx-2.1.1.tgz. Extracting by manifest.
2622 silly tarball no local data for next-themes@https://registry.npmjs.org/next-themes/-/next-themes-0.4.6.tgz. Extracting by manifest.
2623 silly tarball no local data for class-variance-authority@https://registry.npmjs.org/class-variance-authority/-/class-variance-authority-0.7.1.tgz. Extracting by manifest.
2624 silly tarball no local data for @vitejs/plugin-react@https://registry.npmjs.org/@vitejs/plugin-react/-/plugin-react-4.7.0.tgz. Extracting by manifest.
2625 silly tarball no local data for canvas-confetti@https://registry.npmjs.org/canvas-confetti/-/canvas-confetti-1.9.4.tgz. Extracting by manifest.
2626 silly tarball no local data for vite@https://registry.npmjs.org/vite/-/vite-6.3.5.tgz. Extracting by manifest.
2627 silly tarball no local data for @tailwindcss/vite@https://registry.npmjs.org/@tailwindcss/vite/-/vite-4.1.12.tgz. Extracting by manifest.
2628 silly tarball no local data for @radix-ui/react-toggle-group@https://registry.npmjs.org/@radix-ui/react-toggle-group/-/react-toggle-group-1.1.2.tgz. Extracting by manifest.
2629 silly tarball no local data for @radix-ui/react-tooltip@https://registry.npmjs.org/@radix-ui/react-tooltip/-/react-tooltip-1.1.8.tgz. Extracting by manifest.
2630 silly tarball no local data for @radix-ui/react-tabs@https://registry.npmjs.org/@radix-ui/react-tabs/-/react-tabs-1.1.3.tgz. Extracting by manifest.
2631 silly tarball no local data for @radix-ui/react-switch@https://registry.npmjs.org/@radix-ui/react-switch/-/react-switch-1.1.3.tgz. Extracting by manifest.
2632 silly tarball no local data for @radix-ui/react-slot@https://registry.npmjs.org/@radix-ui/react-slot/-/react-slot-1.1.2.tgz. Extracting by manifest.
2633 silly tarball no local data for @radix-ui/react-slider@https://registry.npmjs.org/@radix-ui/react-slider/-/react-slider-1.2.3.tgz. Extracting by manifest.
2634 silly tarball no local data for @radix-ui/react-separator@https://registry.npmjs.org/@radix-ui/react-separator/-/react-separator-1.1.2.tgz. Extracting by manifest.
2635 silly tarball no local data for @radix-ui/react-select@https://registry.npmjs.org/@radix-ui/react-select/-/react-select-2.1.6.tgz. Extracting by manifest.
2636 silly tarball no local data for @radix-ui/react-scroll-area@https://registry.npmjs.org/@radix-ui/react-scroll-area/-/react-scroll-area-1.2.3.tgz. Extracting by manifest.
2637 silly tarball no local data for @radix-ui/react-radio-group@https://registry.npmjs.org/@radix-ui/react-radio-group/-/react-radio-group-1.2.3.tgz. Extracting by manifest.
2638 silly tarball no local data for @radix-ui/react-progress@https://registry.npmjs.org/@radix-ui/react-progress/-/react-progress-1.1.2.tgz. Extracting by manifest.
2639 silly tarball no local data for @radix-ui/react-popover@https://registry.npmjs.org/@radix-ui/react-popover/-/react-popover-1.1.6.tgz. Extracting by manifest.
2640 silly tarball no local data for @radix-ui/react-navigation-menu@https://registry.npmjs.org/@radix-ui/react-navigation-menu/-/react-navigation-menu-1.2.5.tgz. Extracting by manifest.
2641 silly tarball no local data for @radix-ui/react-menubar@https://registry.npmjs.org/@radix-ui/react-menubar/-/react-menubar-1.1.6.tgz. Extracting by manifest.
2642 silly tarball no local data for @radix-ui/react-label@https://registry.npmjs.org/@radix-ui/react-label/-/react-label-2.1.2.tgz. Extracting by manifest.
2643 silly tarball no local data for @radix-ui/react-hover-card@https://registry.npmjs.org/@radix-ui/react-hover-card/-/react-hover-card-1.1.6.tgz. Extracting by manifest.
2644 silly tarball no local data for @radix-ui/react-dialog@https://registry.npmjs.org/@radix-ui/react-dialog/-/react-dialog-1.1.6.tgz. Extracting by manifest.
2645 silly tarball no local data for @radix-ui/react-dropdown-menu@https://registry.npmjs.org/@radix-ui/react-dropdown-menu/-/react-dropdown-menu-2.1.6.tgz. Extracting by manifest.
2646 silly tarball no local data for @radix-ui/react-context-menu@https://registry.npmjs.org/@radix-ui/react-context-menu/-/react-context-menu-2.2.6.tgz. Extracting by manifest.
2647 silly tarball no local data for @radix-ui/react-collapsible@https://registry.npmjs.org/@radix-ui/react-collapsible/-/react-collapsible-1.1.3.tgz. Extracting by manifest.
2648 silly tarball no local data for @radix-ui/react-checkbox@https://registry.npmjs.org/@radix-ui/react-checkbox/-/react-checkbox-1.1.4.tgz. Extracting by manifest.
2649 silly tarball no local data for @radix-ui/react-aspect-ratio@https://registry.npmjs.org/@radix-ui/react-aspect-ratio/-/react-aspect-ratio-1.1.2.tgz. Extracting by manifest.
2650 silly tarball no local data for @radix-ui/react-avatar@https://registry.npmjs.org/@radix-ui/react-avatar/-/react-avatar-1.1.3.tgz. Extracting by manifest.
2651 silly tarball no local data for @radix-ui/react-alert-dialog@https://registry.npmjs.org/@radix-ui/react-alert-dialog/-/react-alert-dialog-1.1.6.tgz. Extracting by manifest.
2652 silly tarball no local data for @radix-ui/react-accordion@https://registry.npmjs.org/@radix-ui/react-accordion/-/react-accordion-1.2.3.tgz. Extracting by manifest.
2653 silly tarball no local data for @popperjs/core@https://registry.npmjs.org/@popperjs/core/-/core-2.11.8.tgz. Extracting by manifest.
2654 silly tarball no local data for react-dom@https://registry.npmjs.org/react-dom/-/react-dom-18.3.1.tgz. Extracting by manifest.
2655 silly tarball no local data for @mui/material@https://registry.npmjs.org/@mui/material/-/material-7.3.5.tgz. Extracting by manifest.
2656 silly tarball no local data for @mui/icons-material@https://registry.npmjs.org/@mui/icons-material/-/icons-material-7.3.5.tgz. Extracting by manifest.
2657 silly tarball no local data for react@https://registry.npmjs.org/react/-/react-18.3.1.tgz. Extracting by manifest.
2658 silly tarball no local data for @emotion/styled@https://registry.npmjs.org/@emotion/styled/-/styled-11.14.1.tgz. Extracting by manifest.
2659 silly tarball no local data for @emotion/react@https://registry.npmjs.org/@emotion/react/-/react-11.14.0.tgz. Extracting by manifest.
2660 silly tarball no local data for yaml@https://registry.npmjs.org/yaml/-/yaml-1.10.3.tgz. Extracting by manifest.
2661 silly tarball no local data for yallist@https://registry.npmjs.org/yallist/-/yallist-5.0.0.tgz. Extracting by manifest.
2662 silly tarball no local data for convert-source-map@https://registry.npmjs.org/convert-source-map/-/convert-source-map-2.0.0.tgz. Extracting by manifest.
2663 silly tarball no local data for react-is@https://registry.npmjs.org/react-is/-/react-is-16.13.1.tgz. Extracting by manifest.
2664 silly tarball no local data for react-is@https://registry.npmjs.org/react-is/-/react-is-16.13.1.tgz. Extracting by manifest.
2665 silly tarball no local data for react-is@https://registry.npmjs.org/react-is/-/react-is-18.3.1.tgz. Extracting by manifest.
2666 silly tarball no local data for tailwind-merge@https://registry.npmjs.org/tailwind-merge/-/tailwind-merge-3.2.0.tgz. Extracting by manifest.
2667 silly tarball no local data for picocolors@https://registry.npmjs.org/picocolors/-/picocolors-1.1.1.tgz. Extracting by manifest.
2668 silly tarball no local data for @radix-ui/react-toggle@https://registry.npmjs.org/@radix-ui/react-toggle/-/react-toggle-1.1.2.tgz. Extracting by manifest.
2669 http fetch POST 200 https://registry.npmjs.org/-/npm/v1/security/advisories/bulk 1922ms
2670 silly audit report {
2670 silly audit report   vite: [
2670 silly audit report     {
2670 silly audit report       id: 1107324,
2670 silly audit report       url: 'https://github.com/advisories/GHSA-g4jq-h2w9-997c',
2670 silly audit report       title: 'Vite middleware may serve files starting with the same name with the public directory',
2670 silly audit report       severity: 'low',
2670 silly audit report       vulnerable_versions: '>=6.0.0 <=6.3.5',
2670 silly audit report       cwe: [Array],
2670 silly audit report       cvss: [Object]
2670 silly audit report     },
2670 silly audit report     {
2670 silly audit report       id: 1107328,
2670 silly audit report       url: 'https://github.com/advisories/GHSA-jqfw-vq24-v9c3',
2670 silly audit report       title: "Vite's `server.fs` settings were not applied to HTML files",
2670 silly audit report       severity: 'low',
2670 silly audit report       vulnerable_versions: '>=6.0.0 <=6.3.5',
2670 silly audit report       cwe: [Array],
2670 silly audit report       cvss: [Object]
2670 silly audit report     },
2670 silly audit report     {
2670 silly audit report       id: 1109135,
2670 silly audit report       url: 'https://github.com/advisories/GHSA-93m4-6634-74q7',
2670 silly audit report       title: 'vite allows server.fs.deny bypass via backslash on Windows',
2670 silly audit report       severity: 'moderate',
2670 silly audit report       vulnerable_versions: '>=6.0.0 <=6.4.0',
2670 silly audit report       cwe: [Array],
2670 silly audit report       cvss: [Object]
2670 silly audit report     },
2670 silly audit report     {
2670 silly audit report       id: 1116229,
2670 silly audit report       url: 'https://github.com/advisories/GHSA-4w7w-66w2-5vf9',
2670 silly audit report       title: 'Vite Vulnerable to Path Traversal in Optimized Deps `.map` Handling',
2670 silly audit report       severity: 'moderate',
2670 silly audit report       vulnerable_versions: '<=6.4.1',
2670 silly audit report       cwe: [Array],
2670 silly audit report       cvss: [Object]
2670 silly audit report     },
2670 silly audit report     {
2670 silly audit report       id: 1116234,
2670 silly audit report       url: 'https://github.com/advisories/GHSA-p9ff-h696-f583',
2670 silly audit report       title: 'Vite Vulnerable to Arbitrary File Read via Vite Dev Server WebSocket',
2670 silly audit report       severity: 'high',
2670 silly audit report       vulnerable_versions: '>=6.0.0 <=6.4.1',
2670 silly audit report       cwe: [Array],
2670 silly audit report       cvss: [Object]
2670 silly audit report     }
2670 silly audit report   ],
2670 silly audit report   'react-router': [
2670 silly audit report     {
2670 silly audit report       id: 1120063,
2670 silly audit report       url: 'https://github.com/advisories/GHSA-49rj-9fvp-4h2h',
2670 silly audit report       title: "React Router's vendored turbo-stream v2 allows arbitrary constructor invocation via TYPE_ERROR deserialization leading to Unauth RCE",
2670 silly audit report       severity: 'high',
2670 silly audit report       vulnerable_versions: '>=7.0.0 <=7.14.1',
2670 silly audit report       cwe: [Array],
2670 silly audit report       cvss: [Object]
2670 silly audit report     },
2670 silly audit report     {
2670 silly audit report       id: 1120065,
2670 silly audit report       url: 'https://github.com/advisories/GHSA-2j2x-hqr9-3h42',
2670 silly audit report       title: "React Router's same-origin redirect with path starting // causes open redirect via protocol-relative URL reinterpretation",
2670 silly audit report       severity: 'moderate',
2670 silly audit report       vulnerable_versions: '>=7.0.0 <7.14.1',
2670 silly audit report       cwe: [Array],
2670 silly audit report       cvss: [Object]
2670 silly audit report     },
2670 silly audit report     {
2670 silly audit report       id: 1120066,
2670 silly audit report       url: 'https://github.com/advisories/GHSA-8646-j5j9-6r62',
2670 silly audit report       title: 'React Router vulnerable to XSS in unstable RSC redirect handling via javascript: redirect targets',
2670 silly audit report       severity: 'high',
2670 silly audit report       vulnerable_versions: '>=7.7.0 <7.13.2',
2670 silly audit report       cwe: [Array],
2670 silly audit report       cvss: [Object]
2670 silly audit report     },
2670 silly audit report     {
2670 silly audit report       id: 1120067,
2670 silly audit report       url: 'https://github.com/advisories/GHSA-f22v-gfqf-p8f3',
2670 silly audit report       title: 'React Router has stored XSS via unescaped Location header in prerendered redirect HTML',
2670 silly audit report       severity: 'moderate',
2670 silly audit report       vulnerable_versions: '>=7.5.1 <7.13.2',
2670 silly audit report       cwe: [Array],
2670 silly audit report       cvss: [Object]
2670 silly audit report     },
2670 silly audit report     {
2670 silly audit report       id: 1120069,
2670 silly audit report       url: 'https://github.com/advisories/GHSA-8x6r-g9mw-2r78',
2670 silly audit report       title: 'React Router vulnerable to DoS via unbounded path expansion in __manifest endpoint',
2670 silly audit report       severity: 'high',
2670 silly audit report       vulnerable_versions: '>=7.0.0 <7.15.0',
2670 silly audit report       cwe: [Array],
2670 silly audit report       cvss: [Object]
2670 silly audit report     },
2670 silly audit report     {
2670 silly audit report       id: 1120081,
2670 silly audit report       url: 'https://github.com/advisories/GHSA-rxv8-25v2-qmq8',
2670 silly audit report       title: 'React Router vulnerable to Denial of Service via reflected user input in single-fetch',
2670 silly audit report       severity: 'high',
2670 silly audit report       vulnerable_versions: '>=7.0.0 <7.14.0',
2670 silly audit report       cwe: [Array],
2670 silly audit report       cvss: [Object]
2670 silly audit report     }
2670 silly audit report   ],
2670 silly audit report   xlsx: [
2670 silly audit report     {
2670 silly audit report       id: 1108110,
2670 silly audit report       url: 'https://github.com/advisories/GHSA-4r6h-8v6p-xvw6',
2670 silly audit report       title: 'Prototype Pollution in sheetJS',
2670 silly audit report       severity: 'high',
2670 silly audit report       vulnerable_versions: '<0.19.3',
2670 silly audit report       cwe: [Array],
2670 silly audit report       cvss: [Object]
2670 silly audit report     },
2670 silly audit report     {
2670 silly audit report       id: 1108111,
2670 silly audit report       url: 'https://github.com/advisories/GHSA-5pgg-2g8v-p4x9',
2670 silly audit report       title: 'SheetJS Regular Expression Denial of Service (ReDoS)',
2670 silly audit report       severity: 'high',
2670 silly audit report       vulnerable_versions: '<0.20.2',
2670 silly audit report       cwe: [Array],
2670 silly audit report       cvss: [Object]
2670 silly audit report     }
2670 silly audit report   ]
2670 silly audit report }
2671 silly packumentCache corgi:https://registry.npmjs.org/vite cache-miss
2672 silly packumentCache corgi:https://registry.npmjs.org/react-router cache-miss
2673 silly packumentCache corgi:https://registry.npmjs.org/xlsx cache-miss
2674 http fetch GET 200 https://registry.npmjs.org/word/-/word-0.3.0.tgz 1892ms (cache miss)
2675 http fetch GET 200 https://registry.npmjs.org/frac/-/frac-1.1.2.tgz 1890ms (cache miss)
2676 http fetch GET 200 https://registry.npmjs.org/fdir/-/fdir-6.5.0.tgz 2042ms (cache miss)
2677 http fetch GET 200 https://registry.npmjs.org/d3-path/-/d3-path-3.1.0.tgz 2376ms (cache miss)
2678 http fetch GET 200 https://registry.npmjs.org/@types/d3-color/-/d3-color-3.1.3.tgz 2617ms (cache miss)
2679 http fetch GET 200 https://registry.npmjs.org/@types/d3-path/-/d3-path-3.1.1.tgz 2651ms (cache miss)
2680 http fetch GET 200 https://registry.npmjs.org/internmap/-/internmap-2.0.3.tgz 2653ms (cache miss)
2681 http fetch GET 200 https://registry.npmjs.org/d3-timer/-/d3-timer-3.0.1.tgz 2739ms (cache miss)
2682 http fetch GET 200 https://registry.npmjs.org/@types/d3-time/-/d3-time-3.0.4.tgz 2755ms (cache miss)
2683 http fetch GET 200 https://registry.npmjs.org/@types/d3-timer/-/d3-timer-3.0.2.tgz 2771ms (cache miss)
2684 http fetch GET 200 https://registry.npmjs.org/d3-ease/-/d3-ease-3.0.1.tgz 2779ms (cache miss)
2685 http fetch GET 200 https://registry.npmjs.org/detect-node-es/-/detect-node-es-1.1.0.tgz 2810ms (cache miss)
2686 http fetch GET 200 https://registry.npmjs.org/@types/d3-ease/-/d3-ease-3.0.2.tgz 2929ms (cache miss)
2687 http fetch GET 200 https://registry.npmjs.org/@types/estree/-/estree-1.0.9.tgz 3057ms (cache miss)
2688 http fetch GET 200 https://registry.npmjs.org/@types/d3-array/-/d3-array-3.2.2.tgz 3072ms (cache miss)
2689 http fetch GET 200 https://registry.npmjs.org/esbuild/-/esbuild-0.25.12.tgz 3214ms (cache miss)
2690 http fetch GET 200 https://registry.npmjs.org/function-bind/-/function-bind-1.1.2.tgz 3164ms (cache miss)
2691 http fetch GET 200 https://registry.npmjs.org/tinyglobby/-/tinyglobby-0.2.17.tgz 3300ms (cache miss)
2692 http fetch GET 200 https://registry.npmjs.org/@types/d3-scale/-/d3-scale-4.0.9.tgz 3252ms (cache miss)
2693 http fetch GET 200 https://registry.npmjs.org/path-parse/-/path-parse-1.0.7.tgz 3242ms (cache miss)
2694 http fetch GET 200 https://registry.npmjs.org/@types/d3-interpolate/-/d3-interpolate-3.0.4.tgz 3487ms (cache miss)
2695 http fetch GET 200 https://registry.npmjs.org/adler-32/-/adler-32-1.3.1.tgz 3599ms (cache miss)
2696 http fetch GET 200 https://registry.npmjs.org/string-convert/-/string-convert-0.2.1.tgz 3606ms (cache miss)
2697 http fetch GET 200 https://registry.npmjs.org/json2mq/-/json2mq-0.2.0.tgz 3599ms (cache miss)
2698 http fetch GET 200 https://registry.npmjs.org/wmf/-/wmf-1.0.2.tgz 3804ms (cache miss)
2699 http fetch GET 200 https://registry.npmjs.org/lodash.debounce/-/lodash.debounce-4.0.8.tgz 3678ms (cache miss)
2700 http fetch GET 200 https://registry.npmjs.org/classnames/-/classnames-2.5.1.tgz 3672ms (cache miss)
2701 http fetch GET 200 https://registry.npmjs.org/object-assign/-/object-assign-4.1.1.tgz 3946ms (cache miss)
2702 http fetch GET 200 https://registry.npmjs.org/picomatch/-/picomatch-4.0.4.tgz 4197ms (cache miss)
2703 http fetch GET 200 https://registry.npmjs.org/warning/-/warning-4.0.3.tgz 4089ms (cache miss)
2704 http fetch GET 200 https://registry.npmjs.org/is-arrayish/-/is-arrayish-0.2.1.tgz 4053ms (cache miss)
2705 http fetch GET 200 https://registry.npmjs.org/loose-envify/-/loose-envify-1.4.0.tgz 4056ms (cache miss)
2706 http fetch GET 200 https://registry.npmjs.org/callsites/-/callsites-3.1.0.tgz 4105ms (cache miss)
2707 http fetch GET 200 https://registry.npmjs.org/error-ex/-/error-ex-1.3.4.tgz 4110ms (cache miss)
2708 http fetch GET 200 https://registry.npmjs.org/crc-32/-/crc-32-1.2.2.tgz 4406ms (cache miss)
2709 http fetch GET 200 https://registry.npmjs.org/react-fast-compare/-/react-fast-compare-3.2.2.tgz 4247ms (cache miss)
2710 http fetch GET 200 https://registry.npmjs.org/resolve-from/-/resolve-from-4.0.0.tgz 4191ms (cache miss)
2711 http fetch GET 200 https://registry.npmjs.org/@types/d3-shape/-/d3-shape-3.1.8.tgz 4448ms (cache miss)
2712 http fetch GET 200 https://registry.npmjs.org/json-parse-even-better-errors/-/json-parse-even-better-errors-2.3.1.tgz 4315ms (cache miss)
2713 http fetch GET 200 https://registry.npmjs.org/parent-module/-/parent-module-1.0.1.tgz 4277ms (cache miss)
2714 http fetch GET 200 https://registry.npmjs.org/lines-and-columns/-/lines-and-columns-1.2.4.tgz 4403ms (cache miss)
2715 http fetch GET 200 https://registry.npmjs.org/@react-dnd/shallowequal/-/shallowequal-4.0.2.tgz 4430ms (cache miss)
2716 http fetch GET 200 https://registry.npmjs.org/ssf/-/ssf-0.11.2.tgz 4650ms (cache miss)
2717 http fetch GET 200 https://registry.npmjs.org/path-type/-/path-type-4.0.0.tgz 4462ms (cache miss)
2718 http fetch GET 200 https://registry.npmjs.org/parse-json/-/parse-json-5.2.0.tgz 4463ms (cache miss)
2719 http fetch GET 200 https://registry.npmjs.org/@react-dnd/invariant/-/invariant-4.0.2.tgz 4555ms (cache miss)
2720 http fetch GET 200 https://registry.npmjs.org/set-cookie-parser/-/set-cookie-parser-2.7.2.tgz 4669ms (cache miss)
2721 http fetch GET 200 https://registry.npmjs.org/yallist/-/yallist-3.1.1.tgz 4595ms (cache miss)
2722 http fetch GET 200 https://registry.npmjs.org/import-fresh/-/import-fresh-3.3.1.tgz 4542ms (cache miss)
2723 http fetch GET 200 https://registry.npmjs.org/ms/-/ms-2.1.3.tgz 4621ms (cache miss)
2724 http fetch GET 200 https://registry.npmjs.org/@types/parse-json/-/parse-json-4.0.2.tgz 4610ms (cache miss)
2725 http fetch GET 200 https://registry.npmjs.org/hasown/-/hasown-2.0.4.tgz 4886ms (cache miss)
2726 http fetch GET 200 https://registry.npmjs.org/is-core-module/-/is-core-module-2.16.2.tgz 4885ms (cache miss)
2727 http fetch GET 200 https://registry.npmjs.org/supports-preserve-symlinks-flag/-/supports-preserve-symlinks-flag-1.0.0.tgz 5024ms (cache miss)
2728 http fetch GET 200 https://registry.npmjs.org/cookie/-/cookie-1.1.1.tgz 4978ms (cache miss)
2729 http fetch GET 200 https://registry.npmjs.org/eventemitter3/-/eventemitter3-4.0.7.tgz 5097ms (cache miss)
2730 http fetch GET 200 https://registry.npmjs.org/lru-cache/-/lru-cache-5.1.1.tgz 4907ms (cache miss)
2731 http fetch GET 200 https://registry.npmjs.org/@babel/helper-plugin-utils/-/helper-plugin-utils-7.29.7.tgz 4913ms (cache miss)
2732 http fetch GET 200 https://registry.npmjs.org/@types/babel__template/-/babel__template-7.4.4.tgz 4903ms (cache miss)
2733 http fetch GET 200 https://registry.npmjs.org/graceful-fs/-/graceful-fs-4.2.11.tgz 5035ms (cache miss)
2734 http fetch GET 200 https://registry.npmjs.org/@types/babel__traverse/-/babel__traverse-7.28.0.tgz 5065ms (cache miss)
2735 http fetch GET 200 https://registry.npmjs.org/@babel/compat-data/-/compat-data-7.29.7.tgz 5039ms (cache miss)
2736 http fetch GET 200 https://registry.npmjs.org/@babel/plugin-transform-react-jsx-source/-/plugin-transform-react-jsx-source-7.29.7.tgz 5010ms (cache miss)
2737 http fetch GET 200 https://registry.npmjs.org/@types/babel__generator/-/babel__generator-7.27.0.tgz 5073ms (cache miss)
2738 http fetch GET 200 https://registry.npmjs.org/detect-libc/-/detect-libc-2.1.2.tgz 5036ms (cache miss)
2739 http fetch GET 200 https://registry.npmjs.org/node-releases/-/node-releases-2.0.47.tgz 5224ms (cache miss)
2740 http fetch GET 200 https://registry.npmjs.org/escalade/-/escalade-3.2.0.tgz 5451ms (cache miss)
2741 http fetch GET 200 https://registry.npmjs.org/@types/babel__core/-/babel__core-7.20.5.tgz 5211ms (cache miss)
2742 http fetch GET 200 https://registry.npmjs.org/@jridgewell/remapping/-/remapping-2.3.5.tgz 5174ms (cache miss)
2743 http fetch GET 200 https://registry.npmjs.org/get-nonce/-/get-nonce-1.0.1.tgz 5490ms (cache miss)
2744 http fetch GET 200 https://registry.npmjs.org/update-browserslist-db/-/update-browserslist-db-1.2.3.tgz 5370ms (cache miss)
2745 http fetch GET 200 https://registry.npmjs.org/@babel/plugin-transform-react-jsx-self/-/plugin-transform-react-jsx-self-7.29.7.tgz 5383ms (cache miss)
2746 http fetch GET 200 https://registry.npmjs.org/@floating-ui/utils/-/utils-0.2.11.tgz 5423ms (cache miss)
2747 http fetch GET 200 https://registry.npmjs.org/@radix-ui/number/-/number-1.1.0.tgz 5486ms (cache miss)
2748 http fetch GET 200 https://registry.npmjs.org/@tailwindcss/oxide/-/oxide-4.1.12.tgz 5533ms (cache miss)
2749 http fetch GET 200 https://registry.npmjs.org/d3-color/-/d3-color-3.1.0.tgz 5996ms (cache miss)
2750 http fetch GET 200 https://registry.npmjs.org/semver/-/semver-6.3.1.tgz 5780ms (cache miss)
2751 http fetch GET 200 https://registry.npmjs.org/gensync/-/gensync-1.0.0-beta.2.tgz 5774ms (cache miss)
2752 http fetch GET 200 https://registry.npmjs.org/@radix-ui/rect/-/rect-1.1.0.tgz 5694ms (cache miss)
2753 http fetch GET 200 https://registry.npmjs.org/aria-hidden/-/aria-hidden-1.2.6.tgz 5666ms (cache miss)
2754 http fetch GET 200 https://registry.npmjs.org/@rolldown/pluginutils/-/pluginutils-1.0.0-beta.27.tgz 5831ms (cache miss)
2755 http fetch GET 200 https://registry.npmjs.org/@radix-ui/react-visually-hidden/-/react-visually-hidden-1.1.2.tgz 5753ms (cache miss)
2756 http fetch GET 200 https://registry.npmjs.org/@radix-ui/react-arrow/-/react-arrow-1.1.2.tgz 5769ms (cache miss)
2757 http fetch GET 200 https://registry.npmjs.org/fast-deep-equal/-/fast-deep-equal-3.1.3.tgz 6078ms (cache miss)
2758 http fetch GET 200 https://registry.npmjs.org/@radix-ui/react-use-rect/-/react-use-rect-1.1.0.tgz 5841ms (cache miss)
2759 http fetch GET 200 https://registry.npmjs.org/@radix-ui/react-roving-focus/-/react-roving-focus-1.1.2.tgz 5998ms (cache miss)
2760 http fetch GET 200 https://registry.npmjs.org/decimal.js-light/-/decimal.js-light-2.5.1.tgz 6527ms (cache miss)
2761 http fetch GET 200 https://registry.npmjs.org/@radix-ui/react-use-escape-keydown/-/react-use-escape-keydown-1.1.0.tgz 6281ms (cache miss)
2762 http fetch GET 200 https://registry.npmjs.org/@radix-ui/react-portal/-/react-portal-1.1.4.tgz 6281ms (cache miss)
2763 http fetch GET 200 https://registry.npmjs.org/@radix-ui/react-focus-guards/-/react-focus-guards-1.1.1.tgz 6435ms (cache miss)
2764 http fetch GET 200 https://registry.npmjs.org/@radix-ui/react-use-callback-ref/-/react-use-callback-ref-1.1.0.tgz 6424ms (cache miss)
2765 http fetch GET 200 https://registry.npmjs.org/@radix-ui/react-use-size/-/react-use-size-1.1.0.tgz 6519ms (cache miss)
2766 http fetch GET 200 https://registry.npmjs.org/@radix-ui/react-use-layout-effect/-/react-use-layout-effect-1.1.0.tgz 6512ms (cache miss)
2767 http fetch GET 200 https://registry.npmjs.org/@radix-ui/react-primitive/-/react-primitive-2.0.2.tgz 6508ms (cache miss)
2768 http fetch GET 200 https://registry.npmjs.org/@radix-ui/react-focus-scope/-/react-focus-scope-1.1.2.tgz 6506ms (cache miss)
2769 http fetch GET 200 https://registry.npmjs.org/@radix-ui/react-use-controllable-state/-/react-use-controllable-state-1.1.0.tgz 6595ms (cache miss)
2770 http fetch GET 200 https://registry.npmjs.org/@radix-ui/react-presence/-/react-presence-1.1.2.tgz 6604ms (cache miss)
2771 http fetch GET 200 https://registry.npmjs.org/@types/prop-types/-/prop-types-15.7.15.tgz 6579ms (cache miss)
2772 http fetch GET 200 https://registry.npmjs.org/browserslist/-/browserslist-4.28.2.tgz 6889ms (cache miss)
2773 http fetch GET 200 https://registry.npmjs.org/@types/react-transition-group/-/react-transition-group-4.4.12.tgz 6707ms (cache miss)
2774 http fetch GET 200 https://registry.npmjs.org/react-is/-/react-is-19.2.7.tgz 6711ms (cache miss)
2775 http fetch GET 200 https://registry.npmjs.org/react-refresh/-/react-refresh-0.17.0.tgz 6958ms (cache miss)
2776 http fetch GET 200 https://registry.npmjs.org/@radix-ui/react-context/-/react-context-1.1.1.tgz 6838ms (cache miss)
2777 http fetch GET 200 https://registry.npmjs.org/@radix-ui/react-use-previous/-/react-use-previous-1.1.0.tgz 6860ms (cache miss)
2778 http fetch GET 200 https://registry.npmjs.org/@radix-ui/react-direction/-/react-direction-1.1.0.tgz 6841ms (cache miss)
2779 http fetch GET 200 https://registry.npmjs.org/@radix-ui/react-compose-refs/-/react-compose-refs-1.1.1.tgz 6842ms (cache miss)
2780 http fetch GET 200 https://registry.npmjs.org/@babel/helper-validator-option/-/helper-validator-option-7.29.7.tgz 7078ms (cache miss)
2781 http fetch GET 200 https://registry.npmjs.org/@radix-ui/react-collection/-/react-collection-1.1.2.tgz 6944ms (cache miss)
2782 http fetch GET 200 https://registry.npmjs.org/baseline-browser-mapping/-/baseline-browser-mapping-2.10.34.tgz 7241ms (cache miss)
2783 http fetch GET 200 https://registry.npmjs.org/@radix-ui/react-id/-/react-id-1.1.0.tgz 7058ms (cache miss)
2784 http fetch GET 200 https://registry.npmjs.org/@babel/helper-string-parser/-/helper-string-parser-7.29.7.tgz 7013ms (cache miss)
2785 http fetch GET 200 https://registry.npmjs.org/@radix-ui/primitive/-/primitive-1.1.1.tgz 7138ms (cache miss)
2786 http fetch GET 200 https://registry.npmjs.org/@emotion/sheet/-/sheet-1.4.0.tgz 7096ms (cache miss)
2787 http fetch GET 200 https://registry.npmjs.org/@emotion/unitless/-/unitless-0.10.0.tgz 7206ms (cache miss)
2788 http fetch GET 200 https://registry.npmjs.org/@babel/helper-validator-identifier/-/helper-validator-identifier-7.29.7.tgz 7198ms (cache miss)
2789 http fetch GET 200 https://registry.npmjs.org/tiny-invariant/-/tiny-invariant-1.3.3.tgz 7722ms (cache miss)
2790 http fetch GET 200 https://registry.npmjs.org/jsesc/-/jsesc-3.1.0.tgz 7305ms (cache miss)
2791 http fetch GET 200 https://registry.npmjs.org/js-tokens/-/js-tokens-4.0.0.tgz 7297ms (cache miss)
2792 http fetch GET 200 https://registry.npmjs.org/debug/-/debug-4.4.3.tgz 7296ms (cache miss)
2793 http fetch GET 200 https://registry.npmjs.org/@babel/helper-globals/-/helper-globals-7.29.7.tgz 7386ms (cache miss)
2794 http fetch GET 200 https://registry.npmjs.org/electron-to-chromium/-/electron-to-chromium-1.5.368.tgz 7708ms (cache miss)
2795 http fetch GET 200 https://registry.npmjs.org/find-root/-/find-root-1.1.0.tgz 7441ms (cache miss)
2796 http fetch GET 200 https://registry.npmjs.org/@mui/core-downloads-tracker/-/core-downloads-tracker-7.3.11.tgz 7682ms (cache miss)
2797 http fetch GET 200 https://registry.npmjs.org/@emotion/hash/-/hash-0.9.2.tgz 7623ms (cache miss)
2798 http fetch GET 200 https://registry.npmjs.org/@emotion/utils/-/utils-1.4.2.tgz 7676ms (cache miss)
2799 http fetch GET 200 https://registry.npmjs.org/@emotion/use-insertion-effect-with-fallbacks/-/use-insertion-effect-with-fallbacks-1.2.0.tgz 7673ms (cache miss)
2800 http fetch GET 200 https://registry.npmjs.org/@emotion/serialize/-/serialize-1.3.3.tgz 7676ms (cache miss)
2801 http fetch GET 200 https://registry.npmjs.org/chownr/-/chownr-3.0.0.tgz 8226ms (cache miss)
2802 http fetch GET 200 https://registry.npmjs.org/escape-string-regexp/-/escape-string-regexp-4.0.0.tgz 7771ms (cache miss)
2803 http fetch GET 200 https://registry.npmjs.org/convert-source-map/-/convert-source-map-1.9.0.tgz 7771ms (cache miss)
2804 http fetch GET 200 https://registry.npmjs.org/tw-animate-css/-/tw-animate-css-1.3.8.tgz 7737ms (cache miss)
2805 http fetch GET 200 https://registry.npmjs.org/@emotion/memoize/-/memoize-0.9.0.tgz 7772ms (cache miss)
2806 http fetch GET 200 https://registry.npmjs.org/react-responsive-masonry/-/react-responsive-masonry-2.7.1.tgz 7800ms (cache miss)
2807 http fetch GET 200 https://registry.npmjs.org/@emotion/weak-memoize/-/weak-memoize-0.4.0.tgz 7931ms (cache miss)
2808 http fetch GET 200 https://registry.npmjs.org/@floating-ui/react-dom/-/react-dom-2.1.8.tgz 8153ms (cache miss)
2809 http fetch GET 200 https://registry.npmjs.org/@babel/helper-module-imports/-/helper-module-imports-7.29.7.tgz 8018ms (cache miss)
2810 http fetch GET 200 https://registry.npmjs.org/tslib/-/tslib-2.8.1.tgz 8362ms (cache miss)
2811 http fetch GET 200 https://registry.npmjs.org/@babel/code-frame/-/code-frame-7.29.7.tgz 8110ms (cache miss)
2812 http fetch GET 200 https://registry.npmjs.org/es-errors/-/es-errors-1.3.0.tgz 8628ms (cache miss)
2813 http fetch GET 200 https://registry.npmjs.org/babel-plugin-macros/-/babel-plugin-macros-3.1.0.tgz 8161ms (cache miss)
2814 http fetch GET 200 https://registry.npmjs.org/cfb/-/cfb-1.2.2.tgz 8799ms (cache miss)
2815 http fetch GET 200 https://registry.npmjs.org/@radix-ui/react-popper/-/react-popper-1.2.2.tgz 8614ms (cache miss)
2816 http fetch GET 200 https://registry.npmjs.org/@radix-ui/react-dismissable-layer/-/react-dismissable-layer-1.1.5.tgz 8725ms (cache miss)
2817 http fetch GET 200 https://registry.npmjs.org/next-themes/-/next-themes-0.4.6.tgz 8537ms (cache miss)
2818 http fetch GET 200 https://registry.npmjs.org/class-variance-authority/-/class-variance-authority-0.7.1.tgz 8537ms (cache miss)
2819 http fetch GET 200 https://registry.npmjs.org/clsx/-/clsx-2.1.1.tgz 8542ms (cache miss)
2820 http fetch GET 200 https://registry.npmjs.org/embla-carousel-reactive-utils/-/embla-carousel-reactive-utils-8.6.0.tgz 9183ms (cache miss)
2821 http fetch GET 200 https://registry.npmjs.org/@radix-ui/react-separator/-/react-separator-1.1.2.tgz 8841ms (cache miss)
2822 http fetch GET 200 https://registry.npmjs.org/d3-time/-/d3-time-3.1.0.tgz 9542ms (cache miss)
2823 http fetch GET 200 https://registry.npmjs.org/@jridgewell/resolve-uri/-/resolve-uri-3.1.2.tgz 9062ms (cache miss)
2824 http fetch GET 200 https://registry.npmjs.org/@tailwindcss/vite/-/vite-4.1.12.tgz 8909ms (cache miss)
2825 http fetch GET 200 https://registry.npmjs.org/@radix-ui/react-slot/-/react-slot-1.1.2.tgz 8901ms (cache miss)
2826 http fetch GET 200 https://registry.npmjs.org/@radix-ui/react-switch/-/react-switch-1.1.3.tgz 8964ms (cache miss)
2827 http fetch GET 200 https://registry.npmjs.org/@radix-ui/react-toggle-group/-/react-toggle-group-1.1.2.tgz 9005ms (cache miss)
2828 http fetch GET 200 https://registry.npmjs.org/nanoid/-/nanoid-3.3.12.tgz 9738ms (cache miss)
2829 http fetch GET 200 https://registry.npmjs.org/scheduler/-/scheduler-0.23.2.tgz 9647ms (cache miss)
2830 http fetch GET 200 https://registry.npmjs.org/@floating-ui/dom/-/dom-1.7.6.tgz 9427ms (cache miss)
2831 http fetch GET 200 https://registry.npmjs.org/@tailwindcss/node/-/node-4.1.12.tgz 9569ms (cache miss)
2832 http fetch GET 200 https://registry.npmjs.org/hoist-non-react-statics/-/hoist-non-react-statics-3.3.2.tgz 9406ms (cache miss)
2833 http fetch GET 200 https://registry.npmjs.org/@radix-ui/react-radio-group/-/react-radio-group-1.2.3.tgz 9305ms (cache miss)
2834 http fetch GET 200 https://registry.npmjs.org/@radix-ui/react-progress/-/react-progress-1.1.2.tgz 9306ms (cache miss)
2835 http fetch GET 200 https://registry.npmjs.org/@radix-ui/react-label/-/react-label-2.1.2.tgz 9300ms (cache miss)
2836 http fetch GET 200 https://registry.npmjs.org/minipass/-/minipass-7.1.3.tgz 9979ms (cache miss)
2837 http fetch GET 200 https://registry.npmjs.org/@radix-ui/react-collapsible/-/react-collapsible-1.1.3.tgz 9343ms (cache miss)
2838 http fetch GET 200 https://registry.npmjs.org/@radix-ui/react-menu/-/react-menu-2.1.6.tgz 9664ms (cache miss)
2839 http fetch GET 200 https://registry.npmjs.org/@floating-ui/core/-/core-1.7.5.tgz 9728ms (cache miss)
2840 http fetch GET 200 https://registry.npmjs.org/prop-types/-/prop-types-15.8.1.tgz 9797ms (cache miss)
2841 http fetch GET 200 https://registry.npmjs.org/canvas-confetti/-/canvas-confetti-1.9.4.tgz 9653ms (cache miss)
2842 http fetch GET 200 https://registry.npmjs.org/@radix-ui/react-avatar/-/react-avatar-1.1.3.tgz 9639ms (cache miss)
2843 http fetch GET 200 https://registry.npmjs.org/@isaacs/fs-minipass/-/fs-minipass-4.0.1.tgz 10121ms (cache miss)
2844 http fetch GET 200 https://registry.npmjs.org/@radix-ui/react-checkbox/-/react-checkbox-1.1.4.tgz 9729ms (cache miss)
2845 http fetch GET 200 https://registry.npmjs.org/@radix-ui/react-aspect-ratio/-/react-aspect-ratio-1.1.2.tgz 9732ms (cache miss)
2846 http fetch GET 200 https://registry.npmjs.org/vaul/-/vaul-1.1.2.tgz 9951ms (cache miss)
2847 http fetch GET 200 https://registry.npmjs.org/yallist/-/yallist-5.0.0.tgz 9814ms (cache miss)
2848 http fetch GET 200 https://registry.npmjs.org/convert-source-map/-/convert-source-map-2.0.0.tgz 9858ms (cache miss)
2849 http fetch GET 200 https://registry.npmjs.org/picocolors/-/picocolors-1.1.1.tgz 9819ms (cache miss)
2850 http fetch GET 200 https://registry.npmjs.org/react-is/-/react-is-18.3.1.tgz 9853ms (cache miss)
2851 http fetch GET 200 https://registry.npmjs.org/sonner/-/sonner-2.0.3.tgz 10115ms (cache miss)
2852 http fetch GET 200 https://registry.npmjs.org/react-is/-/react-is-16.13.1.tgz 9977ms (cache miss)
2853 http fetch GET 200 https://registry.npmjs.org/@vitejs/plugin-react/-/plugin-react-4.7.0.tgz 10117ms (cache miss)
2854 http fetch GET 200 https://registry.npmjs.org/@radix-ui/react-toggle/-/react-toggle-1.1.2.tgz 9679ms (cache miss)
2855 http fetch GET 200 https://registry.npmjs.org/magic-string/-/magic-string-0.30.21.tgz 10414ms (cache miss)
2856 http fetch GET 200 https://registry.npmjs.org/input-otp/-/input-otp-1.4.2.tgz 10182ms (cache miss)
2857 http fetch GET 200 https://registry.npmjs.org/@babel/helper-compilation-targets/-/helper-compilation-targets-7.29.7.tgz 10511ms (cache miss)
2858 http fetch GET 200 https://registry.npmjs.org/recharts-scale/-/recharts-scale-0.4.5.tgz 10861ms (cache miss)
2859 http fetch GET 200 https://registry.npmjs.org/@mui/types/-/types-7.4.12.tgz 10490ms (cache miss)
2860 http fetch GET 200 https://registry.npmjs.org/@radix-ui/react-tabs/-/react-tabs-1.1.3.tgz 10334ms (cache miss)
2861 http fetch GET 200 https://registry.npmjs.org/qrcode.react/-/qrcode.react-4.2.0.tgz 10407ms (cache miss)
2862 http fetch GET 200 https://registry.npmjs.org/xlsx 9718ms (cache miss)
2863 silly packumentCache corgi:https://registry.npmjs.org/xlsx set size:undefined disposed:false
2864 http fetch GET 200 https://registry.npmjs.org/@radix-ui/react-tooltip/-/react-tooltip-1.1.8.tgz 10505ms (cache miss)
2865 http fetch GET 200 https://registry.npmjs.org/@radix-ui/react-slider/-/react-slider-1.2.3.tgz 10508ms (cache miss)
2866 http fetch GET 200 https://registry.npmjs.org/tapable/-/tapable-2.3.3.tgz 11014ms (cache miss)
2867 http fetch GET 200 https://registry.npmjs.org/source-map-js/-/source-map-js-1.2.1.tgz 10869ms (cache miss)
2868 http fetch GET 200 https://registry.npmjs.org/@emotion/is-prop-valid/-/is-prop-valid-1.4.0.tgz 10727ms (cache miss)
2869 http fetch GET 200 https://registry.npmjs.org/@babel/helper-module-transforms/-/helper-module-transforms-7.29.7.tgz 10957ms (cache miss)
2870 http fetch GET 200 https://registry.npmjs.org/@radix-ui/react-hover-card/-/react-hover-card-1.1.6.tgz 10636ms (cache miss)
2871 http fetch GET 200 https://registry.npmjs.org/@radix-ui/react-popover/-/react-popover-1.1.6.tgz 10682ms (cache miss)
2872 http fetch GET 200 https://registry.npmjs.org/@radix-ui/react-dialog/-/react-dialog-1.1.6.tgz 10678ms (cache miss)
2873 http fetch GET 200 https://registry.npmjs.org/@radix-ui/react-dropdown-menu/-/react-dropdown-menu-2.1.6.tgz 10680ms (cache miss)
2874 http fetch GET 200 https://registry.npmjs.org/lightningcss/-/lightningcss-1.30.1.tgz 11021ms (cache miss)
2875 http fetch GET 200 https://registry.npmjs.org/@radix-ui/react-menubar/-/react-menubar-1.1.6.tgz 10755ms (cache miss)
2876 http fetch GET 200 https://registry.npmjs.org/@radix-ui/react-accordion/-/react-accordion-1.2.3.tgz 10799ms (cache miss)
2877 http fetch GET 200 https://registry.npmjs.org/@radix-ui/react-context-menu/-/react-context-menu-2.2.6.tgz 10857ms (cache miss)
2878 http fetch GET 200 https://registry.npmjs.org/react-is/-/react-is-16.13.1.tgz 10865ms (cache miss)
2879 http fetch GET 200 https://registry.npmjs.org/@radix-ui/react-scroll-area/-/react-scroll-area-1.2.3.tgz 10934ms (cache miss)
2880 http fetch GET 200 https://registry.npmjs.org/cmdk/-/cmdk-1.1.1.tgz 11168ms (cache miss)
2881 http fetch GET 200 https://registry.npmjs.org/@radix-ui/react-select/-/react-select-2.1.6.tgz 11142ms (cache miss)
2882 http fetch GET 200 https://registry.npmjs.org/@radix-ui/react-navigation-menu/-/react-navigation-menu-1.2.5.tgz 11130ms (cache miss)
2883 http fetch GET 200 https://registry.npmjs.org/json5/-/json5-2.2.3.tgz 11545ms (cache miss)
2884 http fetch GET 200 https://registry.npmjs.org/minizlib/-/minizlib-3.1.0.tgz 11832ms (cache miss)
2885 http fetch GET 200 https://registry.npmjs.org/redux/-/redux-4.2.1.tgz 11906ms (cache miss)
2886 http fetch GET 200 https://registry.npmjs.org/@types/react/-/react-19.2.17.tgz 11558ms (cache miss)
2887 http fetch GET 200 https://registry.npmjs.org/csstype/-/csstype-3.2.3.tgz 11564ms (cache miss)
2888 http fetch GET 200 https://registry.npmjs.org/embla-carousel-react/-/embla-carousel-react-8.6.0.tgz 11447ms (cache miss)
2889 http fetch GET 200 https://registry.npmjs.org/resize-observer-polyfill/-/resize-observer-polyfill-1.5.1.tgz 12003ms (cache miss)
2890 http fetch GET 200 https://registry.npmjs.org/stylis/-/stylis-4.2.0.tgz 11680ms (cache miss)
2891 http fetch GET 200 https://registry.npmjs.org/@babel/template/-/template-7.29.7.tgz 11952ms (cache miss)
2892 http fetch GET 200 https://registry.npmjs.org/@radix-ui/react-alert-dialog/-/react-alert-dialog-1.1.6.tgz 11770ms (cache miss)
2893 http fetch GET 200 https://registry.npmjs.org/d3-scale/-/d3-scale-4.0.2.tgz 12692ms (cache miss)
2894 http fetch GET 200 https://registry.npmjs.org/d3-interpolate/-/d3-interpolate-3.0.1.tgz 12886ms (cache miss)
2895 http fetch GET 200 https://registry.npmjs.org/@rollup/rollup-win32-x64-gnu/-/rollup-win32-x64-gnu-4.61.1.tgz 12945ms (cache miss)
2896 http fetch GET 200 https://registry.npmjs.org/fast-equals/-/fast-equals-5.4.0.tgz 12984ms (cache miss)
2897 http fetch GET 200 https://registry.npmjs.org/@react-dnd/asap/-/asap-5.0.2.tgz 12925ms (cache miss)
2898 http fetch GET 200 https://registry.npmjs.org/react-remove-scroll-bar/-/react-remove-scroll-bar-2.3.8.tgz 13106ms (cache miss)
2899 http fetch GET 200 https://registry.npmjs.org/react-slick/-/react-slick-0.31.0.tgz 12658ms (cache miss)
2900 http fetch GET 200 https://registry.npmjs.org/react-router 11931ms (cache miss)
2901 silly packumentCache corgi:https://registry.npmjs.org/react-router set size:undefined disposed:false
2902 http fetch GET 200 https://registry.npmjs.org/react-smooth/-/react-smooth-4.0.4.tgz 13625ms (cache miss)
2903 http fetch GET 200 https://registry.npmjs.org/@mui/styled-engine/-/styled-engine-7.3.10.tgz 13270ms (cache miss)
2904 http fetch GET 200 https://registry.npmjs.org/react-style-singleton/-/react-style-singleton-2.2.3.tgz 13653ms (cache miss)
2905 http fetch GET 200 https://registry.npmjs.org/@jridgewell/sourcemap-codec/-/sourcemap-codec-1.5.5.tgz 13307ms (cache miss)
2906 http fetch GET 200 https://registry.npmjs.org/react/-/react-18.3.1.tgz 13085ms (cache miss)
2907 http fetch GET 200 https://registry.npmjs.org/source-map/-/source-map-0.5.7.tgz 13301ms (cache miss)
2908 http fetch GET 200 https://registry.npmjs.org/@rollup/rollup-win32-x64-msvc/-/rollup-win32-x64-msvc-4.61.1.tgz 14073ms (cache miss)
2909 http fetch GET 200 https://registry.npmjs.org/@babel/parser/-/parser-7.29.7.tgz 13616ms (cache miss)
2910 http fetch GET 200 https://registry.npmjs.org/jiti/-/jiti-2.7.0.tgz 13779ms (cache miss)
2911 http fetch GET 200 https://registry.npmjs.org/d3-time-format/-/d3-time-format-4.1.0.tgz 14238ms (cache miss)
2912 http fetch GET 200 https://registry.npmjs.org/@emotion/babel-plugin/-/babel-plugin-11.13.5.tgz 13678ms (cache miss)
2913 http fetch GET 200 https://registry.npmjs.org/@jridgewell/gen-mapping/-/gen-mapping-0.3.13.tgz 13871ms (cache miss)
2914 http fetch GET 200 https://registry.npmjs.org/@mui/private-theming/-/private-theming-7.3.11.tgz 14202ms (cache miss)
2915 http fetch GET 200 https://registry.npmjs.org/vite 13411ms (cache miss)
2916 silly packumentCache corgi:https://registry.npmjs.org/vite set size:undefined disposed:false
2917 http fetch GET 200 https://registry.npmjs.org/cosmiconfig/-/cosmiconfig-7.1.0.tgz 14824ms (cache miss)
2918 http fetch GET 200 https://registry.npmjs.org/react-transition-group/-/react-transition-group-4.4.5.tgz 14723ms (cache miss)
2919 http fetch GET 200 https://registry.npmjs.org/@tailwindcss/oxide-win32-x64-msvc/-/oxide-win32-x64-msvc-4.1.12.tgz 14915ms (cache miss)
2920 http fetch GET 200 https://registry.npmjs.org/react-popper/-/react-popper-2.3.0.tgz 14663ms (cache miss)
2921 silly packumentCache corgi:https://registry.npmjs.org/@tailwindcss%2fvite cache-miss
2922 silly packumentCache corgi:https://registry.npmjs.org/@vitejs%2fplugin-react cache-miss
2923 http fetch GET 200 https://registry.npmjs.org/motion/-/motion-12.23.24.tgz 14756ms (cache miss)
2924 http fetch GET 200 https://registry.npmjs.org/tailwindcss/-/tailwindcss-4.1.12.tgz 14918ms (cache miss)
2925 http fetch GET 200 https://registry.npmjs.org/postcss/-/postcss-8.5.15.tgz 15544ms (cache miss)
2926 http fetch GET 200 https://registry.npmjs.org/@emotion/cache/-/cache-11.14.0.tgz 15207ms (cache miss)
2927 http fetch GET 200 https://registry.npmjs.org/@vitejs%2fplugin-react 669ms (cache miss)
2928 silly packumentCache corgi:https://registry.npmjs.org/@vitejs%2fplugin-react set size:undefined disposed:false
2929 http fetch GET 200 https://registry.npmjs.org/rollup/-/rollup-4.61.1.tgz 16129ms (cache miss)
2930 http fetch GET 200 https://registry.npmjs.org/tailwind-merge/-/tailwind-merge-3.2.0.tgz 15569ms (cache miss)
2931 http fetch GET 200 https://registry.npmjs.org/@jridgewell/trace-mapping/-/trace-mapping-0.3.31.tgz 15994ms (cache miss)
2932 http fetch GET 200 https://registry.npmjs.org/@tailwindcss%2fvite 1325ms (cache miss)
2933 silly packumentCache corgi:https://registry.npmjs.org/@tailwindcss%2fvite set size:undefined disposed:false
2934 http fetch GET 200 https://registry.npmjs.org/enhanced-resolve/-/enhanced-resolve-5.23.0.tgz 16683ms (cache miss)
2935 http fetch GET 200 https://registry.npmjs.org/d3-array/-/d3-array-3.2.4.tgz 17059ms (cache miss)
2936 http fetch GET 200 https://registry.npmjs.org/@babel/generator/-/generator-7.29.7.tgz 16651ms (cache miss)
2937 http fetch GET 200 https://registry.npmjs.org/use-sidecar/-/use-sidecar-1.1.3.tgz 17508ms (cache miss)
2938 http fetch GET 200 https://registry.npmjs.org/d3-format/-/d3-format-3.1.2.tgz 17665ms (cache miss)
2939 http fetch GET 200 https://registry.npmjs.org/yaml/-/yaml-1.10.3.tgz 16975ms (cache miss)
2940 http fetch GET 200 https://registry.npmjs.org/vite/-/vite-6.3.5.tgz 17367ms (cache miss)
2941 http fetch GET 200 https://registry.npmjs.org/d3-shape/-/d3-shape-3.2.0.tgz 18064ms (cache miss)
2942 http fetch GET 200 https://registry.npmjs.org/use-callback-ref/-/use-callback-ref-1.3.3.tgz 18024ms (cache miss)
2943 http fetch GET 200 https://registry.npmjs.org/react-dnd-html5-backend/-/react-dnd-html5-backend-16.0.1.tgz 17672ms (cache miss)
2944 http fetch GET 200 https://registry.npmjs.org/react-resizable-panels/-/react-resizable-panels-2.1.7.tgz 17733ms (cache miss)
2945 http fetch GET 200 https://registry.npmjs.org/react-remove-scroll/-/react-remove-scroll-2.7.2.tgz 18247ms (cache miss)
2946 http fetch GET 200 https://registry.npmjs.org/react-dom/-/react-dom-18.3.1.tgz 18067ms (cache miss)
2947 http fetch GET 200 https://registry.npmjs.org/motion-utils/-/motion-utils-12.39.0.tgz 18932ms (cache miss)
2948 http fetch GET 200 https://registry.npmjs.org/@babel/traverse/-/traverse-7.29.7.tgz 18622ms (cache miss)
2949 http fetch GET 200 https://registry.npmjs.org/@emotion/styled/-/styled-11.14.1.tgz 18735ms (cache miss)
2950 http fetch GET 200 https://registry.npmjs.org/lightningcss-win32-x64-msvc/-/lightningcss-win32-x64-msvc-1.30.1.tgz 19456ms (cache miss)
2951 http fetch GET 200 https://registry.npmjs.org/xlsx/-/xlsx-0.18.5.tgz 19655ms (cache miss)
2952 http fetch GET 200 https://registry.npmjs.org/@esbuild/win32-x64/-/win32-x64-0.25.12.tgz 20922ms (cache miss)
2953 http fetch GET 200 https://registry.npmjs.org/resolve/-/resolve-1.22.12.tgz 20766ms (cache miss)
2954 http fetch GET 200 https://registry.npmjs.org/react-router/-/react-router-7.13.0.tgz 20911ms (cache miss)
2955 http fetch GET 200 https://registry.npmjs.org/embla-carousel/-/embla-carousel-8.6.0.tgz 21352ms (cache miss)
2956 http fetch GET 200 https://registry.npmjs.org/dnd-core/-/dnd-core-16.0.1.tgz 21608ms (cache miss)
2957 http fetch GET 200 https://registry.npmjs.org/@babel/core/-/core-7.29.7.tgz 22476ms (cache miss)
2958 http fetch GET 200 https://registry.npmjs.org/@emotion/react/-/react-11.14.0.tgz 22771ms (cache miss)
2959 http fetch GET 200 https://registry.npmjs.org/codepage/-/codepage-1.15.0.tgz 24441ms (cache miss)
2960 http fetch GET 200 https://registry.npmjs.org/react-dnd/-/react-dnd-16.0.1.tgz 25448ms (cache miss)
2961 http fetch GET 200 https://registry.npmjs.org/dom-helpers/-/dom-helpers-5.2.1.tgz 26215ms (cache miss)
2962 http fetch GET 200 https://registry.npmjs.org/@babel/types/-/types-7.29.7.tgz 25845ms (cache miss)
2963 http fetch GET 200 https://registry.npmjs.org/@babel/runtime/-/runtime-7.29.7.tgz 26379ms (cache miss)
2964 http fetch GET 200 https://registry.npmjs.org/react-hook-form/-/react-hook-form-7.55.0.tgz 27055ms (cache miss)
2965 http fetch GET 200 https://registry.npmjs.org/yaml/-/yaml-2.9.0.tgz 28184ms (cache miss)
2966 http fetch GET 200 https://registry.npmjs.org/@babel/helpers/-/helpers-7.29.7.tgz 27877ms (cache miss)
2967 http fetch GET 200 https://registry.npmjs.org/tar/-/tar-7.5.16.tgz 28089ms (cache miss)
2968 http fetch GET 200 https://registry.npmjs.org/react-day-picker/-/react-day-picker-8.10.1.tgz 28189ms (cache miss)
2969 http fetch GET 200 https://registry.npmjs.org/@popperjs/core/-/core-2.11.8.tgz 28683ms (cache miss)
2970 http fetch GET 200 https://registry.npmjs.org/recharts/-/recharts-2.15.2.tgz 29214ms (cache miss)
2971 warn deprecated recharts@2.15.2: 1.x and 2.x branches are no longer active. Bump to Recharts v3 to receive latest features and bugfixes. See https://github.com/recharts/recharts/wiki/3.0-migration-guide
2972 http fetch GET 200 https://registry.npmjs.org/victory-vendor/-/victory-vendor-36.9.2.tgz 30099ms (cache miss)
2973 http fetch GET 200 https://registry.npmjs.org/@mui/utils/-/utils-7.3.11.tgz 30276ms (cache miss)
2974 http fetch GET 200 https://registry.npmjs.org/@mui/system/-/system-7.3.11.tgz 30468ms (cache miss)
2975 http fetch GET 200 https://registry.npmjs.org/framer-motion/-/framer-motion-12.40.0.tgz 33385ms (cache miss)
2976 http fetch GET 200 https://registry.npmjs.org/lodash/-/lodash-4.18.1.tgz 34381ms (cache miss)
2977 http fetch GET 200 https://registry.npmjs.org/motion-dom/-/motion-dom-12.40.0.tgz 34755ms (cache miss)
2978 http fetch GET 200 https://registry.npmjs.org/caniuse-lite/-/caniuse-lite-1.0.30001797.tgz 36245ms (cache miss)
